{
    "properties": {},
    "icon": "",
    "iconsrc": "word_indexing.svg",
    "description": "Word Indexing-2",
    "processes": {
        "readfile1": {
            "component": "com.sap.storage.read",
            "metadata": {
                "label": "Onlinemedia",
                "x": 17,
                "y": 140.49999952316284,
                "height": 80,
                "width": 120,
                "config": {
                    "service": "SDL",
                    "path": "/shared/onlinemedia_texts",
                    "pollPeriodInMs": "100000000"
                }
            }
        },
        "jsonstreamtodict1": {
            "component": "sdi_utils_operators.json_dict",
            "metadata": {
                "label": "JSON stream to dict",
                "x": 201.99999904632568,
                "y": 148.99999904632568,
                "height": 80,
                "width": 120,
                "extensible": true,
                "config": {
                    "debug_mode": true
                }
            }
        },
        "readfile2": {
            "component": "com.sap.storage.read",
            "metadata": {
                "label": "Blacklist",
                "x": 17,
                "y": 20.499999523162842,
                "height": 80,
                "width": 120,
                "config": {
                    "service": "SDL",
                    "path": "/shared/word_repositories/blacklist.txt",
                    "pollPeriodInMs": "1000000"
                }
            }
        },
        "linetoarray1": {
            "component": "sdi_utils_operators.line_array",
            "metadata": {
                "label": "Line to array",
                "x": 201.99999904632568,
                "y": 12,
                "height": 80,
                "width": 120,
                "extensible": true,
                "config": {
                    "lexicographical": true,
                    "debug_mode": true
                }
            }
        },
        "wiretap1": {
            "component": "com.sap.util.wiretap",
            "metadata": {
                "label": "Wiretap",
                "x": 1021.9999952316284,
                "y": 80.49999952316284,
                "height": 80,
                "width": 120,
                "ui": "dynpath",
                "config": {}
            }
        },
        "51multiplexer1": {
            "component": "com.sap.system.multiplexer.5-1",
            "metadata": {
                "label": "5:1 Multiplexer",
                "x": 820.9999961853027,
                "y": 75.99999928474426,
                "height": 118,
                "width": 120,
                "extensible": true,
                "config": {},
                "additionalinports": [
                    {
                        "name": "input1",
                        "type": "string"
                    }
                ]
            }
        },
        "graphterminator1": {
            "component": "com.sap.util.graphTerminator",
            "metadata": {
                "label": "Graph Terminator",
                "x": 1206.999994277954,
                "y": 140.49999952316284,
                "height": 80,
                "width": 120,
                "config": {}
            }
        },
        "wordindexing1": {
            "component": "textanalysis.word_indexing",
            "metadata": {
                "label": "Word Indexing",
                "x": 587.999997138977,
                "y": 180.49999928474426,
                "height": 80,
                "width": 120,
                "extensible": true,
                "config": {
                    "debug_mode": true
                }
            }
        },
        "betawritehanatable1": {
            "component": "com.sap.hana.writeTable",
            "metadata": {
                "label": "Write WORD_INDEX",
                "x": 820.9999961853027,
                "y": 233.99999928474426,
                "height": 80,
                "width": 120,
                "config": {
                    "configMode": "Static (from configuration)",
                    "tableName": "WORD_INDEX3",
                    "connection": {
                        "configurationType": "Configuration Manager",
                        "connectionID": "EU_HANA"
                    },
                    "statementType": "UPSERT"
                }
            }
        },
        "gate1": {
            "component": "sdi_utils_operators.gate.count_gate",
            "metadata": {
                "label": "Gate",
                "x": 1021.9999952316284,
                "y": 200.49999952316284,
                "height": 80,
                "width": 120,
                "extensible": true,
                "config": {
                    "limit": 100000,
                    "attribute": "storage.fileCount"
                }
            }
        },
        "readfile3": {
            "component": "com.sap.storage.read",
            "metadata": {
                "label": "Lexicon",
                "x": 17,
                "y": 260.49999952316284,
                "height": 80,
                "width": 120,
                "config": {
                    "service": "SDL",
                    "path": "/shared/word_repositories/lexicon.csv",
                    "pollPeriodInMs": "10000000"
                }
            }
        },
        "csvstreamtotable1": {
            "component": "sdi_utils_operators.csv_table",
            "metadata": {
                "label": "csv stream to table",
                "x": 201.99999904632568,
                "y": 268.9999990463257,
                "height": 80,
                "width": 120,
                "extensible": true,
                "config": {
                    "debug_mode": true
                }
            }
        },
        "wordextraction1": {
            "component": "textanalysis.word_extraction",
            "metadata": {
                "label": "Word Extraction",
                "x": 407,
                "y": 158,
                "height": 80,
                "width": 120,
                "extensible": true,
                "config": {}
            }
        }
    },
    "groups": [],
    "connections": [
        {
            "metadata": {
                "points": "141,189.49999952316284 168.99999952316284,189.49999952316284 168.99999952316284,188.99999904632568 196.99999904632568,188.99999904632568"
            },
            "src": {
                "port": "outFile",
                "process": "readfile1"
            },
            "tgt": {
                "port": "stream",
                "process": "jsonstreamtodict1"
            }
        },
        {
            "metadata": {
                "points": "141,69.49999952316284 168.99999952316284,69.49999952316284 168.99999952316284,52 196.99999904632568,52"
            },
            "src": {
                "port": "outFile",
                "process": "readfile2"
            },
            "tgt": {
                "port": "stream",
                "process": "linetoarray1"
            }
        },
        {
            "metadata": {
                "points": "944.9999961853027,134.99999928474426 972.9999957084656,134.99999928474426 972.9999957084656,120.49999952316284 1016.9999952316284,120.49999952316284"
            },
            "src": {
                "port": "out1",
                "process": "51multiplexer1"
            },
            "tgt": {
                "port": "in",
                "process": "wiretap1"
            }
        },
        {
            "metadata": {
                "points": "325.9999990463257,43 369.9999985694885,43 369.9999985694885,108.99999976158142 554.9999976158142,108.99999976158142 554.9999976158142,100.49999976158142 755.9999966621399,100.49999976158142 755.9999966621399,89.99999928474426 815.9999961853027,89.99999928474426"
            },
            "src": {
                "port": "log",
                "process": "linetoarray1"
            },
            "tgt": {
                "port": "in1",
                "process": "51multiplexer1"
            }
        },
        {
            "metadata": {
                "points": "325.9999990463257,179.99999904632568 369.9999985694885,179.99999904632568 369.9999985694885,142.99999976158142 554.9999976158142,142.99999976158142 554.9999976158142,134.49999976158142 755.9999966621399,134.49999976158142 755.9999966621399,107.99999928474426 815.9999961853027,107.99999928474426"
            },
            "src": {
                "port": "log",
                "process": "jsonstreamtodict1"
            },
            "tgt": {
                "port": "in2",
                "process": "51multiplexer1"
            }
        },
        {
            "metadata": {
                "points": "711.999997138977,211.49999928474426 787.9999966621399,211.49999928474426 787.9999966621399,143.99999928474426 815.9999961853027,143.99999928474426"
            },
            "src": {
                "port": "log",
                "process": "wordindexing1"
            },
            "tgt": {
                "port": "in4",
                "process": "51multiplexer1"
            }
        },
        {
            "metadata": {
                "points": "711.999997138977,229.49999928474426 739.9999966621399,229.49999928474426 739.9999966621399,273.99999928474426 815.9999961853027,273.99999928474426"
            },
            "src": {
                "port": "words",
                "process": "wordindexing1"
            },
            "tgt": {
                "port": "input",
                "process": "betawritehanatable1"
            }
        },
        {
            "metadata": {
                "points": "944.9999961853027,264.99999928474426 972.9999957084656,264.99999928474426 972.9999957084656,258.49999952316284 1016.9999952316284,258.49999952316284"
            },
            "src": {
                "port": "success",
                "process": "betawritehanatable1"
            },
            "tgt": {
                "port": "data",
                "process": "gate1"
            }
        },
        {
            "metadata": {
                "points": "141,171.49999952316284 168.99999952316284,171.49999952316284 168.99999952316284,119.99999952316284 369.9999985694885,119.99999952316284 369.9999985694885,125.99999976158142 554.9999976158142,125.99999976158142 554.9999976158142,117.49999976158142 739.9999966621399,117.49999976158142 739.9999966621399,46.99999976158142 988.9999957084656,46.99999976158142 988.9999957084656,240.49999952316284 1016.9999952316284,240.49999952316284"
            },
            "src": {
                "port": "outFilename",
                "process": "readfile1"
            },
            "tgt": {
                "port": "attributes",
                "process": "gate1"
            }
        },
        {
            "metadata": {
                "points": "1145.9999952316284,240.49999952316284 1173.9999947547913,240.49999952316284 1173.9999947547913,180.49999952316284 1201.999994277954,180.49999952316284"
            },
            "src": {
                "port": "trigger",
                "process": "gate1"
            },
            "tgt": {
                "port": "stop",
                "process": "graphterminator1"
            }
        },
        {
            "metadata": {
                "points": "141,309.49999952316284 168.99999952316284,309.49999952316284 168.99999952316284,308.9999990463257 196.99999904632568,308.9999990463257"
            },
            "src": {
                "port": "outFile",
                "process": "readfile3"
            },
            "tgt": {
                "port": "stream",
                "process": "csvstreamtotable1"
            }
        },
        {
            "metadata": {
                "points": "325.9999990463257,299.9999990463257 571,300 571,162 815.9999961853027,161.99999928474426"
            },
            "src": {
                "port": "log",
                "process": "csvstreamtotable1"
            },
            "tgt": {
                "port": "in5",
                "process": "51multiplexer1"
            }
        },
        {
            "metadata": {
                "points": "325.9999990463257,61 364,61 364,180 402,180"
            },
            "src": {
                "port": "data",
                "process": "linetoarray1"
            },
            "tgt": {
                "port": "blacklist",
                "process": "wordextraction1"
            }
        },
        {
            "metadata": {
                "points": "325.9999990463257,317.9999990463257 364,318 364,198 402,198"
            },
            "src": {
                "port": "data",
                "process": "csvstreamtotable1"
            },
            "tgt": {
                "port": "lexicon",
                "process": "wordextraction1"
            }
        },
        {
            "metadata": {
                "points": "325.9999990463257,197.99999904632568 364,198 364,216 402,216"
            },
            "src": {
                "port": "data",
                "process": "jsonstreamtodict1"
            },
            "tgt": {
                "port": "articles",
                "process": "wordextraction1"
            }
        },
        {
            "metadata": {
                "points": "531,207 557,207 557,220.5 582.999997138977,220.49999928474426"
            },
            "src": {
                "port": "data",
                "process": "wordextraction1"
            },
            "tgt": {
                "port": "articles",
                "process": "wordindexing1"
            }
        },
        {
            "metadata": {
                "points": "531,189 673.5,189 673.5,126 815.9999961853027,125.99999928474426"
            },
            "src": {
                "port": "log",
                "process": "wordextraction1"
            },
            "tgt": {
                "port": "in3",
                "process": "51multiplexer1"
            }
        }
    ],
    "inports": {},
    "outports": {}
}