{
    "$schema": "http://json-schema.org/draft-06/schema#",
    "$id": "http://sap.com/vflow/textanalysis.word_lexicon.configSchema.json",
    "type": "object",
    "properties": {
        "codelanguage": {
            "type": "string"
        },
        "script": {
            "type": "string"
        },
        "debug_mode": {
            "title": "Debug mode",
            "description": "Sending debug level information to log port",
            "type": "boolean"
        },
        "language_filter": {
            "title": "Language Filter",
            "description": "Filter for language of media.",
            "type": "string"
        },
        "word_types": {
            "title": "Type",
            "description": "Setting word type selection for mapping.",
            "type": "string"
        }
    }
}