{
    "description": "csv stream to dict",
    "component": "com.sap.system.python3Operator",
    "inports": [
        {
            "name": "stream",
            "type": "message"
        }
    ],
    "outports": [
        {
            "name": "log",
            "type": "string"
        },
        {
            "name": "data",
            "type": "message.dicts"
        }
    ],
    "iconsrc": "csvdict.svg",
    "config": {
        "$type": "http://sap.com/vflow/sdi_utils_operators.csv_dict.configSchema.json",
        "collect": false,
        "column_dict": "key_col_header:value_col_header",
        "debug_mode": false,
        "script": "file://csv_dict.py",
        "separator": ";"
    },
    "tags": {
        "sdi_utils": ""
    }
}