{
    "description": "table to csv stream",
    "component": "com.sap.system.python3Operator",
    "inports": [
        {
            "name": "data",
            "type": "message.table",
            "description": "Input message with table"
        }
    ],
    "outports": [
        {
            "name": "log",
            "type": "string",
            "description": "Logging data"
        },
        {
            "name": "csv",
            "type": "message",
            "description": "Output data as csv"
        }
    ],
    "config": {
        "$type": "http://sap.com/vflow/sdi_utils_operators.table.table_to_csv.configSchema.json",
        "script": "file://csv_to_table.py",
        "debug_mode": true,
        "separator": ","
    },
    "tags": {
        "sdi_utils": ""
    },
    "iconsrc": "table_to_csv.svg"
}