{
    "$schema": "http://json-schema.org/draft-06/schema#",
    "$id": "http://sap.com/vflow/textanalysis.keyword_search.configSchema.json",
    "type": "object",
    "properties": {
        "codelanguage": {
            "type": "string"
        },
        "script": {
            "type": "string"
        },
        "debug_mode": {
            "title": "Debug mode",
            "description": "Sending debug level information to log port",
            "type": "boolean"
        },
        "mode": {
            "title": "Mode",
            "description": "Define the kind of data extraction. \"NOUN\": nouns,\"PNOUN\": proper nouns. Default is removing stopwords.",
            "type": "string"
        }
    }
}