{
    "properties": {},
    "description": "",
    "processes": {
        "pipeline1": {
            "component": "com.sap.dh.vflowpipeline",
            "metadata": {
                "label": "Scrapy",
                "x": 181,
                "y": 12,
                "height": 80,
                "width": 120,
                "extensible": false,
                "config": {
                    "graphName": "Scrape Onelinemedia 0.3",
                    "retryInterval": 20
                }
            }
        },
        "pipeline2": {
            "component": "com.sap.dh.vflowpipeline",
            "metadata": {
                "label": "Metadata",
                "x": 365.9999990463257,
                "y": 12,
                "height": 80,
                "width": 120,
                "extensible": false,
                "config": {
                    "graphName": "Daily Metadata Articles"
                }
            }
        },
        "pipeline3": {
            "component": "com.sap.dh.vflowpipeline",
            "metadata": {
                "label": "Sentiment",
                "x": 550.9999980926514,
                "y": 12,
                "height": 80,
                "width": 120,
                "extensible": false,
                "config": {
                    "graphName": "Daily SentimentAnalysis 2"
                }
            }
        },
        "pipeline4": {
            "component": "com.sap.dh.vflowpipeline",
            "metadata": {
                "label": "Word",
                "x": 735.999997138977,
                "y": 12,
                "height": 80,
                "width": 120,
                "extensible": false,
                "config": {
                    "graphName": "Daily WordIndex4"
                }
            }
        },
        "workflowtrigger2": {
            "component": "com.sap.dh.trigger",
            "metadata": {
                "label": "Workflow Trigger",
                "x": 12,
                "y": 12,
                "height": 80,
                "width": 120,
                "extensible": true,
                "config": {}
            }
        },
        "workflowterminator1": {
            "component": "com.sap.dh.terminator",
            "metadata": {
                "label": "Workflow Terminator",
                "x": 920.9999961853027,
                "y": 12,
                "height": 80,
                "width": 120,
                "config": {}
            }
        }
    },
    "groups": [],
    "connections": [
        {
            "metadata": {
                "points": "136,52 176,52"
            },
            "src": {
                "port": "output",
                "process": "workflowtrigger2"
            },
            "tgt": {
                "port": "input",
                "process": "pipeline1"
            }
        },
        {
            "metadata": {
                "points": "305,43 332.99999952316284,43 332.99999952316284,52 360.9999990463257,52"
            },
            "src": {
                "port": "output",
                "process": "pipeline1"
            },
            "tgt": {
                "port": "input",
                "process": "pipeline2"
            }
        },
        {
            "metadata": {
                "points": "489.9999990463257,43 517.9999985694885,43 517.9999985694885,52 545.9999980926514,52"
            },
            "src": {
                "port": "output",
                "process": "pipeline2"
            },
            "tgt": {
                "port": "input",
                "process": "pipeline3"
            }
        },
        {
            "metadata": {
                "points": "674.9999980926514,43 702.9999976158142,43 702.9999976158142,52 730.999997138977,52"
            },
            "src": {
                "port": "output",
                "process": "pipeline3"
            },
            "tgt": {
                "port": "input",
                "process": "pipeline4"
            }
        },
        {
            "metadata": {
                "points": "859.999997138977,43 887.9999966621399,43 887.9999966621399,52 915.9999961853027,52"
            },
            "src": {
                "port": "output",
                "process": "pipeline4"
            },
            "tgt": {
                "port": "stop",
                "process": "workflowterminator1"
            }
        }
    ],
    "inports": {},
    "outports": {}
}