{
    "description": "scrapy",
    "component": "com.sap.system.python3Operator",
    "inports": [
        {
            "name": "spider",
            "type": "message"
        },
        {
            "name": "pipelines",
            "type": "message"
        },
        {
            "name": "items",
            "type": "message"
        },
        {
            "name": "middlewares",
            "type": "message"
        },
        {
            "name": "settings",
            "type": "message"
        }
    ],
    "outports": [
        {
            "name": "log",
            "type": "string"
        },
        {
            "name": "stderr",
            "type": "string"
        },
        {
            "name": "jsonstr",
            "type": "message"
        },
        {
            "name": "data",
            "type": "message.dicts"
        }
    ],
    "iconsrc": "Scrapy.svg",
    "config": {
        "$type": "http://sap.com/vflow/textanalysis.scrapy.configSchema.json",
        "debug_mode": false,
        "json_string_output": false,
        "project_dir": "None",
        "scrapy_dir": "None",
        "script": "file://scapy.py",
        "spider": "None",
        "start_cmd": false
    },
    "tags": {
        "pandas": "",
        "sdi_utils": ""
    }
}