{
    "properties": {},
    "description": "Download Topic index",
    "processes": {
        "betarunhanasql1": {
            "component": "com.sap.hana.runSQL",
            "metadata": {
                "label": "SELECT TOPIC_INDEX",
                "x": 17,
                "y": 12,
                "height": 80,
                "width": 120,
                "config": {
                    "configMode": "Static (from configuration)",
                    "connection": {
                        "configurationType": "Configuration Manager",
                        "connectionID": "EU_HANA"
                    },
                    "transactionLevel": "Per statement",
                    "sql": "SELECT * FROM DIPROJECTS.TOPIC_INDEX"
                }
            }
        },
        "python3operator1": {
            "component": "com.sap.system.python3Operator",
            "metadata": {
                "label": "table to list",
                "x": 201.99999904632568,
                "y": 12,
                "height": 80,
                "width": 120,
                "extensible": true,
                "config": {
                    "script": "\n\ndef on_input(data):\n\n    #list = [ r[0] for r in data.body]\n    #list_str = '\\n'.join(list)\n    csv_str = ''\n    for r in data.body :\n        csv_str += ','.join(str(e) for e in r) + '\\n'\n    msg = api.Message(attributes={'content':'list'},body = csv_str)\n\n    api.send(\"output\", msg)\n\napi.set_port_callback(\"input\", on_input)\n\n\n"
                },
                "additionalinports": [
                    {
                        "name": "input",
                        "type": "message.table"
                    }
                ],
                "additionaloutports": [
                    {
                        "name": "output",
                        "type": "message"
                    }
                ]
            }
        },
        "writefile1": {
            "component": "com.sap.storage.write",
            "metadata": {
                "label": "Write File",
                "x": 370.9999990463257,
                "y": 12,
                "height": 80,
                "width": 120,
                "config": {
                    "path": "/vrep/tmp/topic_index.csv",
                    "mode": "create",
                    "ifExists": "Ignore"
                }
            }
        },
        "graphterminator1": {
            "component": "com.sap.util.graphTerminator",
            "metadata": {
                "label": "Graph Terminator",
                "x": 539.9999990463257,
                "y": 12,
                "height": 80,
                "width": 120,
                "config": {}
            }
        }
    },
    "groups": [],
    "connections": [
        {
            "metadata": {
                "points": "141,43 168.99999952316284,43 168.99999952316284,52 196.99999904632568,52"
            },
            "src": {
                "port": "success",
                "process": "betarunhanasql1"
            },
            "tgt": {
                "port": "input",
                "process": "python3operator1"
            }
        },
        {
            "metadata": {
                "points": "325.9999990463257,52 365.9999990463257,52"
            },
            "src": {
                "port": "output",
                "process": "python3operator1"
            },
            "tgt": {
                "port": "inFile",
                "process": "writefile1"
            }
        },
        {
            "metadata": {
                "points": "494.9999990463257,52 534.9999990463257,52"
            },
            "src": {
                "port": "outFilename",
                "process": "writefile1"
            },
            "tgt": {
                "port": "stop",
                "process": "graphterminator1"
            }
        }
    ],
    "inports": {},
    "outports": {}
}