{
    "properties": {},
    "description": "Download to vrep",
    "processes": {
        "readfile1": {
            "component": "com.sap.storage.read",
            "metadata": {
                "label": "Read File",
                "x": 426,
                "y": 198,
                "height": 80,
                "width": 120,
                "config": {
                    "service": "SDL",
                    "path": "/shared/onlinemedia_texts/",
                    "pollPeriodInMs": "1000000",
                    "pattern": ".*.json"
                }
            }
        },
        "writefile1": {
            "component": "com.sap.storage.write",
            "metadata": {
                "label": "Write File",
                "x": 621,
                "y": 198,
                "height": 80,
                "width": 120,
                "config": {
                    "mode": "create",
                    "path": "/vrep/tmp/data17/\\${storage.filename}"
                }
            }
        },
        "graphterminator1": {
            "component": "com.sap.util.graphTerminator",
            "metadata": {
                "label": "Graph Terminator",
                "x": 1053,
                "y": 172,
                "height": 80,
                "width": 120,
                "config": {}
            }
        },
        "wiretap1": {
            "component": "com.sap.util.wiretap",
            "metadata": {
                "label": "Wiretap",
                "x": 647,
                "y": 63,
                "height": 80,
                "width": 120,
                "ui": "dynpath",
                "config": {}
            }
        },
        "gate1": {
            "component": "sdi_utils_operators.gate.count_gate",
            "metadata": {
                "label": "Gate",
                "x": 860,
                "y": 193,
                "height": 80,
                "width": 120,
                "extensible": true,
                "config": {
                    "attribute": "storage.fileCount",
                    "limit": 100
                }
            }
        }
    },
    "groups": [],
    "connections": [
        {
            "metadata": {
                "points": "550,247 583,247 583,238 616,238"
            },
            "src": {
                "port": "outFile",
                "process": "readfile1"
            },
            "tgt": {
                "port": "inFile",
                "process": "writefile1"
            }
        },
        {
            "metadata": {
                "points": "550,229 596,229 596,103 642,103"
            },
            "src": {
                "port": "outFilename",
                "process": "readfile1"
            },
            "tgt": {
                "port": "in",
                "process": "wiretap1"
            }
        },
        {
            "metadata": {
                "points": "745,238 800,238 800,251 855,251"
            },
            "src": {
                "port": "outFilename",
                "process": "writefile1"
            },
            "tgt": {
                "port": "data",
                "process": "gate1"
            }
        },
        {
            "metadata": {
                "points": "771,103 813,103 813,233 855,233"
            },
            "src": {
                "port": "out",
                "process": "wiretap1"
            },
            "tgt": {
                "port": "attributes",
                "process": "gate1"
            }
        },
        {
            "metadata": {
                "points": "984,233 1016,233 1016,212 1048,212"
            },
            "src": {
                "port": "trigger",
                "process": "gate1"
            },
            "tgt": {
                "port": "stop",
                "process": "graphterminator1"
            }
        }
    ],
    "inports": {},
    "outports": {}
}