{
    "properties": {},
    "description": "Topic Frequency",
    "processes": {
        "betarunhanasql1": {
            "component": "com.sap.hana.runSQL",
            "metadata": {
                "label": "Read Topics",
                "x": 17,
                "y": 80.49999952316284,
                "height": 80,
                "width": 120,
                "config": {
                    "connection": {
                        "configurationType": "Configuration Manager",
                        "connectionID": "EU_HANA"
                    },
                    "configMode": "Static (from configuration)",
                    "sql": "SELECT * FROM DIPROJECTS.TOPICS"
                }
            }
        },
        "betarunhanasql2": {
            "component": "com.sap.hana.runSQL",
            "metadata": {
                "label": "SELECT FROM  WORD_INDEX2",
                "x": 587.999997138977,
                "y": 148.99999904632568,
                "height": 80,
                "width": 120,
                "config": {
                    "connection": {
                        "configurationType": "Configuration Manager",
                        "connectionID": "EU_HANA"
                    },
                    "configMode": "Dynamic (from input)"
                }
            }
        },
        "wiretap1": {
            "component": "com.sap.util.wiretap",
            "metadata": {
                "label": "Wiretap",
                "x": 587.999997138977,
                "y": 12,
                "height": 80,
                "width": 120,
                "ui": "dynpath",
                "config": {}
            }
        },
        "topicdispatcher1": {
            "component": "textanalysis.topic_dispatcher",
            "metadata": {
                "label": "Topic dispatcher",
                "x": 201.99999904632568,
                "y": 80.49999952316284,
                "height": 80,
                "width": 120,
                "extensible": true,
                "config": {
                    "debug_mode": true,
                    "topic_table": "DIPROJECTS.WORD_INDEX2",
                    "table_colum": "WORD"
                }
            }
        },
        "saphanaclient1": {
            "component": "com.sap.hana.client2",
            "metadata": {
                "label": "SAP HANA Client",
                "x": 941.9999961853027,
                "y": 94.99999928474426,
                "height": 80,
                "width": 120,
                "config": {
                    "connection": {
                        "configurationType": "Configuration Manager",
                        "connectionID": "EU_HANA"
                    },
                    "inputFormat": "JSON",
                    "tableColumns": [
                        {
                            "name": "HASH_TEXT",
                            "type": "BIGINT"
                        },
                        {
                            "name": "TOPIC",
                            "type": "NVARCHAR",
                            "size": 80
                        },
                        {
                            "name": "COUNT",
                            "type": "INTEGER"
                        },
                        {
                            "name": "MIN_NUM",
                            "type": "INTEGER"
                        }
                    ],
                    "tableName": "\"DIPROJECTS\".\"TOPIC_INDEX\"",
                    "initTable": "Truncate",
                    "insertMode": "INSERT",
                    "outputInBatches": false
                }
            }
        },
        "31multiplexer1": {
            "component": "com.sap.system.multiplexer.3-1",
            "metadata": {
                "label": "3:1 Multiplexer",
                "x": 386.99999809265137,
                "y": 20.499999523162842,
                "height": 80,
                "width": 120,
                "extensible": true,
                "config": {}
            }
        },
        "12multiplexer1": {
            "component": "com.sap.system.multiplexer.1-2",
            "metadata": {
                "label": "1:2 Multiplexer",
                "x": 386.99999809265137,
                "y": 140.49999952316284,
                "height": 80,
                "width": 120,
                "extensible": true,
                "config": {}
            }
        },
        "gate1": {
            "component": "sdi_utils_operators.gate.count_gate",
            "metadata": {
                "label": "Gate",
                "x": 1126.9999952316284,
                "y": 80.49999952316284,
                "height": 80,
                "width": 120,
                "extensible": true,
                "config": {
                    "limit": 999990,
                    "attribute": "number_topics"
                }
            }
        },
        "graphterminator1": {
            "component": "com.sap.util.graphTerminator",
            "metadata": {
                "label": "Graph Terminator",
                "x": 1295.9999952316284,
                "y": 80.49999952316284,
                "height": 80,
                "width": 120,
                "config": {}
            }
        },
        "topicfrequency1": {
            "component": "textanalysis.topic_frequency",
            "metadata": {
                "label": "Topic Frequency",
                "x": 772.9999961853027,
                "y": 94.99999928474426,
                "height": 80,
                "width": 120,
                "extensible": true,
                "config": {
                    "tolerance": 0.3
                }
            }
        }
    },
    "groups": [],
    "connections": [
        {
            "metadata": {
                "points": "141,111.49999952316284 168.99999952316284,111.49999952316284 168.99999952316284,120.49999952316284 196.99999904632568,120.49999952316284"
            },
            "src": {
                "port": "success",
                "process": "betarunhanasql1"
            },
            "tgt": {
                "port": "topic",
                "process": "topicdispatcher1"
            }
        },
        {
            "metadata": {
                "points": "325.9999990463257,111.49999952316284 353.9999985694885,111.49999952316284 353.9999985694885,42.49999952316284 381.99999809265137,42.49999952316284"
            },
            "src": {
                "port": "log",
                "process": "topicdispatcher1"
            },
            "tgt": {
                "port": "in1",
                "process": "31multiplexer1"
            }
        },
        {
            "metadata": {
                "points": "510.99999809265137,60.49999952316284 538.9999976158142,60.49999952316284 538.9999976158142,52 582.999997138977,52"
            },
            "src": {
                "port": "out1",
                "process": "31multiplexer1"
            },
            "tgt": {
                "port": "in",
                "process": "wiretap1"
            }
        },
        {
            "metadata": {
                "points": "325.9999990463257,129.49999952316284 353.9999985694885,129.49999952316284 353.9999985694885,180.49999952316284 381.99999809265137,180.49999952316284"
            },
            "src": {
                "port": "sql",
                "process": "topicdispatcher1"
            },
            "tgt": {
                "port": "in1",
                "process": "12multiplexer1"
            }
        },
        {
            "metadata": {
                "points": "510.99999809265137,171.49999952316284 554.9999976158142,171.49999952316284 554.9999976158142,188.99999904632568 582.999997138977,188.99999904632568"
            },
            "src": {
                "port": "out1",
                "process": "12multiplexer1"
            },
            "tgt": {
                "port": "input",
                "process": "betarunhanasql2"
            }
        },
        {
            "metadata": {
                "points": "1065.9999961853027,134.99999928474426 1093.9999957084656,134.99999928474426 1093.9999957084656,138.49999952316284 1121.9999952316284,138.49999952316284"
            },
            "src": {
                "port": "result",
                "process": "saphanaclient1"
            },
            "tgt": {
                "port": "data",
                "process": "gate1"
            }
        },
        {
            "metadata": {
                "points": "510.99999809265137,189.49999952316284 538.9999976158142,189.49999952316284 538.9999976158142,119.99999952316284 739.9999966621399,119.99999952316284 739.9999966621399,65.99999976158142 1093.9999957084656,65.99999976158142 1093.9999957084656,120.49999952316284 1121.9999952316284,120.49999952316284"
            },
            "src": {
                "port": "out2",
                "process": "12multiplexer1"
            },
            "tgt": {
                "port": "attributes",
                "process": "gate1"
            }
        },
        {
            "metadata": {
                "points": "1250.9999952316284,120.49999952316284 1290.9999952316284,120.49999952316284"
            },
            "src": {
                "port": "trigger",
                "process": "gate1"
            },
            "tgt": {
                "port": "stop",
                "process": "graphterminator1"
            }
        },
        {
            "metadata": {
                "points": "711.999997138977,179.99999904632568 739.9999966621399,179.99999904632568 739.9999966621399,134.99999928474426 767.9999961853027,134.99999928474426"
            },
            "src": {
                "port": "success",
                "process": "betarunhanasql2"
            },
            "tgt": {
                "port": "db",
                "process": "topicfrequency1"
            }
        },
        {
            "metadata": {
                "points": "896.9999961853027,143.99999928474426 936.9999961853027,143.99999928474426"
            },
            "src": {
                "port": "data",
                "process": "topicfrequency1"
            },
            "tgt": {
                "port": "data",
                "process": "saphanaclient1"
            }
        }
    ],
    "inports": {},
    "outports": {}
}