{
    "$schema": "http://json-schema.org/draft-06/schema#",
    "$id": "http://sap.com/vflow/textanalysis.word_frequency.configSchema.json",
    "type": "object",
    "properties": {
        "codelanguage": {
            "type": "string"
        },
        "script": {
            "type": "string"
        },
        "debug_mode": {
            "title": "Debug mode",
            "description": "Sending debug level information to log port",
            "type": "boolean"
        },
        "collect": {
            "title": "Collect input",
            "description": "Collect input until last batch received",
            "type": "boolean"
        },
        "limit": {
            "title": "Limit the number of words. Necessary if stored in database.",
            "description": "Number of words to be extracted.",
            "type": "integer"
        },
        "date": {
            "title": "Date",
            "description": "Date of indexing the words.",
            "type": "string"
        },
        "days_into_past": {
            "title": "Days into past",
            "description": "Days into past.",
            "type": "integer"
        },
        "language": {
            "title": "Language",
            "description": "Filter for language of media.",
            "type": "string"
        },
        "media": {
            "title": "Media",
            "description": "Filter for media",
            "type": "string"
        },
        "mode": {
            "title": "Mode",
            "description": "Define the kind of data extraction. \"NOUN\": nouns,\"PNOUN\": proper nouns. Default is removing stopwords.",
            "type": "string"
        },
        "max_word_len": {
            "title": "Maximum word lenght",
            "description": "Maximum word lenght.",
            "type": "integer"
        }
    }
}