{
    "description": "Metadata Articles",
    "component": "com.sap.system.python3Operator",
    "inports": [
        {
            "name": "articles",
            "type": "message.dicts",
            "description": "Message with body as dictionary."
        }
    ],
    "outports": [
        {
            "name": "log",
            "type": "string",
            "description": "Logging data"
        },
        {
            "name": "data",
            "type": "message",
            "description": "Output metadata of articles"
        }
    ],
    "config": {
        "$type": "http://sap.com/vflow/textanalysis.metadata_articles.configSchema.json",
        "script": "file://metadata_articles.py",
        "debug_mode": true
    },
    "tags": {
        "sdi_utils": "",
        "nltk": ""
    },
    "iconsrc": "metadata_articles.svg"
}