{
    "description": "Gate",
    "component": "com.sap.system.python3Operator",
    "inports": [
        {
            "name": "limit",
            "type": "int64"
        },
        {
            "name": "attributes",
            "type": "message"
        },
        {
            "name": "data",
            "type": "message.*"
        }
    ],
    "outports": [
        {
            "name": "log",
            "type": "string"
        },
        {
            "name": "trigger",
            "type": "string"
        },
        {
            "name": "data",
            "type": "message"
        }
    ],
    "iconsrc": "count_gate.svg",
    "config": {
        "$type": "http://sap.com/vflow/sdi_utils_operators.gate.count_gate.configSchema.json",
        "attribute": "null",
        "debug_mode": false,
        "limit": 0,
        "script": "file://count_gate.py",
        "sleep": 0
    },
    "tags": {
        "pandas": "",
        "sdi_utils": ""
    }
}