{
    "properties": {},
    "iconsrc": "",
    "description": "Scrape Online Media 0.3 tmp",
    "processes": {
        "readfile1": {
            "component": "com.sap.storage.read",
            "metadata": {
                "label": "settings.py",
                "x": 17,
                "y": 492,
                "height": 80,
                "width": 120,
                "config": {
                    "service": "SDL",
                    "path": "/shared/scrapy/onlinemedia/onlinemedia/settings.py",
                    "pollPeriodInMs": "10000000"
                }
            }
        },
        "readfile2": {
            "component": "com.sap.storage.read",
            "metadata": {
                "label": "items.py",
                "x": 17,
                "y": 252,
                "height": 80,
                "width": 120,
                "config": {
                    "service": "SDL",
                    "path": "/shared/scrapy/onlinemedia/onlinemedia/items.py",
                    "pollPeriodInMs": "10000000"
                }
            }
        },
        "readfile3": {
            "component": "com.sap.storage.read",
            "metadata": {
                "label": "pipelines.py",
                "x": 17,
                "y": 132,
                "height": 80,
                "width": 120,
                "config": {
                    "path": "/shared/scrapy/onlinemedia/onlinemedia/pipelines.py",
                    "service": "SDL",
                    "pollPeriodInMs": "10000000"
                }
            }
        },
        "readfile4": {
            "component": "com.sap.storage.read",
            "metadata": {
                "label": "middlewares.py",
                "x": 17,
                "y": 372,
                "height": 80,
                "width": 120,
                "config": {
                    "path": "/shared/scrapy/onlinemedia/onlinemedia/middlewares.py",
                    "service": "SDL",
                    "pollPeriodInMs": "10000000"
                }
            }
        },
        "readfile5": {
            "component": "com.sap.storage.read",
            "metadata": {
                "label": "spider.py",
                "x": 17,
                "y": 12,
                "height": 80,
                "width": 120,
                "config": {
                    "path": "/shared/scrapy/onlinemedia/onlinemedia/spiders/spider.py",
                    "service": "SDL",
                    "pollPeriodInMs": "10000000"
                }
            }
        },
        "wiretap1": {
            "component": "com.sap.util.wiretap",
            "metadata": {
                "label": "Wiretap",
                "x": 957.9999961853027,
                "y": 237.50000023841858,
                "height": 80,
                "width": 120,
                "ui": "dynpath",
                "config": {}
            }
        },
        "wiretap3": {
            "component": "com.sap.util.wiretap",
            "metadata": {
                "label": "Wiretap",
                "x": 402.99999809265137,
                "y": 252,
                "height": 80,
                "width": 120,
                "ui": "dynpath",
                "config": {}
            }
        },
        "writefile1": {
            "component": "com.sap.storage.write",
            "metadata": {
                "label": "Write File",
                "x": 402.99999809265137,
                "y": 372,
                "height": 80,
                "width": 120,
                "config": {
                    "service": "SDL",
                    "path": "/shared/onlinemedia_texts/\\${filename}",
                    "mode": "create",
                    "terminateOnError": false
                }
            }
        },
        "parselogs1": {
            "component": "sdi_utils_operators.parseLog",
            "metadata": {
                "label": "Parse Logs",
                "x": 402.99999809265137,
                "y": 132,
                "height": 80,
                "width": 120,
                "extensible": true,
                "config": {
                    "marker_map": "scrapy : 'SCAN ENDED'",
                    "sleep": 0
                }
            }
        },
        "gate1": {
            "component": "sdi_utils_operators.gate",
            "metadata": {
                "label": "Gate",
                "x": 603.999997138977,
                "y": 266.4999997615814,
                "height": 80,
                "width": 120,
                "extensible": true,
                "config": {
                    "limit": 100000,
                    "sleep": 10
                }
            }
        },
        "scrapy2": {
            "component": "textanalysis.scrapy",
            "metadata": {
                "label": "Onlinemedia",
                "x": 217.99999904632568,
                "y": 242,
                "height": 100,
                "width": 120,
                "extensible": true,
                "config": {
                    "spider": "Lemonde_spider",
                    "scrapy_dir": "/home/onlinemedia",
                    "project_dir": "onlinemedia",
                    "start_cmd": false,
                    "json_string_output": true
                }
            }
        },
        "21multiplexer1": {
            "component": "com.sap.system.multiplexer.2-1",
            "metadata": {
                "label": "2:1 Multiplexer",
                "x": 788.9999961853027,
                "y": 237.50000023841858,
                "height": 80,
                "width": 120,
                "extensible": true,
                "config": {}
            }
        },
        "writefile2": {
            "component": "com.sap.storage.write",
            "metadata": {
                "label": "Write File",
                "x": 1426.999994277954,
                "y": 252,
                "height": 80,
                "width": 120,
                "config": {
                    "service": "SDL",
                    "path": "/shared/log/online_<date>.log",
                    "terminateOnError": false
                }
            }
        },
        "tomessageconverter1": {
            "component": "com.sap.util.toMessageConverter",
            "metadata": {
                "label": "ToMessage Converter",
                "x": 1327.999994277954,
                "y": 267,
                "height": 50,
                "width": 50,
                "config": {}
            }
        },
        "graphterminator1": {
            "component": "com.sap.util.graphTerminator",
            "metadata": {
                "label": "Graph Terminator",
                "x": 1609,
                "y": 252,
                "height": 80,
                "width": 120,
                "config": {}
            }
        },
        "wiretap2": {
            "component": "com.sap.util.wiretap",
            "metadata": {
                "label": "Wiretap",
                "x": 1374,
                "y": 147,
                "height": 80,
                "width": 120,
                "ui": "dynpath",
                "config": {}
            }
        },
        "stringcollector1": {
            "component": "sdi_utils_operators.string_collector",
            "metadata": {
                "label": "String Collector",
                "x": 1128,
                "y": 267,
                "height": 80,
                "width": 120,
                "extensible": true,
                "config": {}
            }
        }
    },
    "groups": [],
    "connections": [
        {
            "metadata": {
                "points": "526.9999980926514,412 554.9999976158142,412 554.9999976158142,315.4999997615814 598.999997138977,315.4999997615814"
            },
            "src": {
                "port": "outFilename",
                "process": "writefile1"
            },
            "tgt": {
                "port": "data",
                "process": "gate1"
            }
        },
        {
            "metadata": {
                "points": "526.9999980926514,190 554.9999976158142,190 554.9999976158142,297.4999997615814 598.999997138977,297.4999997615814"
            },
            "src": {
                "port": "index",
                "process": "parselogs1"
            },
            "tgt": {
                "port": "limit",
                "process": "gate1"
            }
        },
        {
            "metadata": {
                "points": "141,61 184.99999952316284,61 184.99999952316284,256 212.99999904632568,256"
            },
            "src": {
                "port": "outFile",
                "process": "readfile5"
            },
            "tgt": {
                "port": "spider",
                "process": "scrapy2"
            }
        },
        {
            "metadata": {
                "points": "141,181 168.99999952316284,181 168.99999952316284,274 212.99999904632568,274"
            },
            "src": {
                "port": "outFile",
                "process": "readfile3"
            },
            "tgt": {
                "port": "pipelines",
                "process": "scrapy2"
            }
        },
        {
            "metadata": {
                "points": "141,301 168.99999952316284,301 168.99999952316284,292 212.99999904632568,292"
            },
            "src": {
                "port": "outFile",
                "process": "readfile2"
            },
            "tgt": {
                "port": "items",
                "process": "scrapy2"
            }
        },
        {
            "metadata": {
                "points": "141,421 168.99999952316284,421 168.99999952316284,310 212.99999904632568,310"
            },
            "src": {
                "port": "outFile",
                "process": "readfile4"
            },
            "tgt": {
                "port": "middlewares",
                "process": "scrapy2"
            }
        },
        {
            "metadata": {
                "points": "141,541 184.99999952316284,541 184.99999952316284,328 212.99999904632568,328"
            },
            "src": {
                "port": "outFile",
                "process": "readfile1"
            },
            "tgt": {
                "port": "settings",
                "process": "scrapy2"
            }
        },
        {
            "metadata": {
                "points": "341.9999990463257,283 369.9999985694885,283 369.9999985694885,292 397.99999809265137,292"
            },
            "src": {
                "port": "stderr",
                "process": "scrapy2"
            },
            "tgt": {
                "port": "in",
                "process": "wiretap3"
            }
        },
        {
            "metadata": {
                "points": "341.9999990463257,301 369.9999985694885,301 369.9999985694885,412 397.99999809265137,412"
            },
            "src": {
                "port": "jsonstr",
                "process": "scrapy2"
            },
            "tgt": {
                "port": "inFile",
                "process": "writefile1"
            }
        },
        {
            "metadata": {
                "points": "341.9999990463257,265 369.9999985694885,265 369.9999985694885,172 397.99999809265137,172"
            },
            "src": {
                "port": "log",
                "process": "scrapy2"
            },
            "tgt": {
                "port": "log",
                "process": "parselogs1"
            }
        },
        {
            "metadata": {
                "points": "526.9999980926514,154 570.9999976158142,154 570.9999976158142,237.50000023841858 755.9999966621399,237.50000023841858 755.9999966621399,268.5000002384186 783.9999961853027,268.5000002384186"
            },
            "src": {
                "port": "log",
                "process": "parselogs1"
            },
            "tgt": {
                "port": "in1",
                "process": "21multiplexer1"
            }
        },
        {
            "metadata": {
                "points": "727.999997138977,288.4999997615814 755.9999966621399,288.4999997615814 755.9999966621399,286.5000002384186 783.9999961853027,286.5000002384186"
            },
            "src": {
                "port": "log",
                "process": "gate1"
            },
            "tgt": {
                "port": "in2",
                "process": "21multiplexer1"
            }
        },
        {
            "metadata": {
                "points": "912.9999961853027,277.5000002384186 952.9999961853027,277.5000002384186"
            },
            "src": {
                "port": "out1",
                "process": "21multiplexer1"
            },
            "tgt": {
                "port": "in",
                "process": "wiretap1"
            }
        },
        {
            "metadata": {
                "points": "1381.999994277954,292 1421.999994277954,292"
            },
            "src": {
                "port": "out",
                "process": "tomessageconverter1"
            },
            "tgt": {
                "port": "inFile",
                "process": "writefile2"
            }
        },
        {
            "metadata": {
                "points": "1550.999994277954,292 1604,292"
            },
            "src": {
                "port": "outFilename",
                "process": "writefile2"
            },
            "tgt": {
                "port": "stop",
                "process": "graphterminator1"
            }
        },
        {
            "metadata": {
                "points": "727.999997138977,306.4999997615814 925.5,306.5 925.5,316 1123,316"
            },
            "src": {
                "port": "trigger",
                "process": "gate1"
            },
            "tgt": {
                "port": "trigger",
                "process": "stringcollector1"
            }
        },
        {
            "metadata": {
                "points": "1081.9999961853027,277.5000002384186 1102.5,277.5 1102.5,298 1123,298"
            },
            "src": {
                "port": "out",
                "process": "wiretap1"
            },
            "tgt": {
                "port": "string",
                "process": "stringcollector1"
            }
        },
        {
            "metadata": {
                "points": "1252,298 1310.5,298 1310.5,187 1369,187"
            },
            "src": {
                "port": "log",
                "process": "stringcollector1"
            },
            "tgt": {
                "port": "in",
                "process": "wiretap2"
            }
        },
        {
            "metadata": {
                "points": "1252,316 1287.5,316 1287.5,301 1322.999994277954,301"
            },
            "src": {
                "port": "string",
                "process": "stringcollector1"
            },
            "tgt": {
                "port": "instring",
                "process": "tomessageconverter1"
            }
        }
    ],
    "inports": {},
    "outports": {}
}