{
    "description": "word trend",
    "component": "com.sap.system.python3Operator",
    "inports": [
        {
            "name": "blacklist",
            "type": "message.list",
            "description": "Message with body as dictionary."
        },
        {
            "name": "lexicon",
            "type": "message.table",
            "description": "Message with body as lexicon."
        },
        {
            "name": "table",
            "type": "message.table",
            "description": "Message with body as table."
        }
    ],
    "outports": [
        {
            "name": "log",
            "type": "string",
            "description": "Logging data"
        },
        {
            "name": "data",
            "type": "message.table",
            "description": "Trend_table"
        }
    ],
    "config": {
        "$type": "http://sap.com/vflow/textanalysis.word_trend.configSchema.json",
        "script": "file://word_trend.py",
        "debug_mode": true,
        "language": "None",
        "type": "P",
        "min_count": 3,
        "regr_ratio": 0.1,
        "periods_into_past": "7"
    },
    "tags": {
        "sdi_utils": "",
        "pandas": "",
        "sklearn": ""
    },
    "iconsrc": "word_trend.svg"
}