{
    "description": "Topic dispatcher",
    "component": "com.sap.system.python3Operator",
    "inports": [
        {
            "name": "topic",
            "type": "message.table",
            "description": "Message with body as table."
        }
    ],
    "outports": [
        {
            "name": "log",
            "type": "string",
            "description": "Logging data"
        },
        {
            "name": "sql",
            "type": "message",
            "description": "message with body is sql and attributes contains the topic"
        }
    ],
    "config": {
        "$type": "http://sap.com/vflow/textanalysis.topic_dispatcher.configSchema.json",
        "script": "file://topic_dispatcher.py",
        "debug_mode": true,
        "topic_table": "DIPROJECTS.WORD_INDEX2",
        "table_colum": "WORD"
    },
    "tags": {
        "sdi_utils": ""
    },
    "iconsrc": "sqldispatch.svg"
}