{
    "properties": {},
    "description": "IdentifyTopics",
    "processes": {
        "betarunhanasql1": {
            "component": "com.sap.hana.runSQL",
            "metadata": {
                "label": "Read WORD_INDEX3",
                "x": 17,
                "y": 192,
                "height": 80,
                "width": 120,
                "config": {
                    "connection": {
                        "configurationType": "Configuration Manager",
                        "connectionID": "EU_HANA"
                    },
                    "configMode": "Static (from configuration)",
                    "sql": "SELECT * FROM DIPROJECTS.WORD_INDEX3"
                }
            }
        },
        "wiretap1": {
            "component": "com.sap.util.wiretap",
            "metadata": {
                "label": "Wiretap",
                "x": 772.9999961853027,
                "y": 12,
                "height": 80,
                "width": 120,
                "ui": "dynpath",
                "config": {}
            }
        },
        "topicidentification1": {
            "component": "textanalysis.topic_identification",
            "metadata": {
                "label": "Topic Identification",
                "x": 201.99999904632568,
                "y": 132,
                "height": 80,
                "width": 120,
                "extensible": true,
                "config": {}
            }
        },
        "betawritehanatable1": {
            "component": "com.sap.hana.writeTable",
            "metadata": {
                "label": "Write ALGO Topics",
                "x": 17,
                "y": 72,
                "height": 80,
                "width": 120,
                "config": {
                    "connection": {
                        "configurationType": "Configuration Manager",
                        "connectionID": "EU_HANA"
                    },
                    "statementType": "INSERT",
                    "configMode": "Static (from configuration)",
                    "tableName": "DIPROJECTS.TOPICS"
                }
            }
        },
        "workflowterminator1": {
            "component": "com.sap.dh.terminator",
            "metadata": {
                "label": "Workflow Terminator",
                "x": 957.9999952316284,
                "y": 132,
                "height": 80,
                "width": 120,
                "config": {}
            }
        },
        "tabletocsvstream1": {
            "component": "sdi_utils_operators.table.table_to_csv",
            "metadata": {
                "label": "table to csv stream",
                "x": 386.99999809265137,
                "y": 146.49999976158142,
                "height": 80,
                "width": 120,
                "extensible": true,
                "config": {}
            }
        },
        "31multiplexer1": {
            "component": "com.sap.system.multiplexer.3-1",
            "metadata": {
                "label": "3:1 Multiplexer",
                "x": 587.999997138977,
                "y": 72,
                "height": 80,
                "width": 120,
                "extensible": true,
                "config": {}
            }
        },
        "writefile1": {
            "component": "com.sap.storage.write",
            "metadata": {
                "label": "Write File",
                "x": 772.9999961853027,
                "y": 132,
                "height": 80,
                "width": 120,
                "config": {
                    "service": "SDL",
                    "mode": "create",
                    "path": "/shared/word_repositories/algo_topics.csv"
                }
            }
        },
        "12multiplexer1": {
            "component": "com.sap.system.multiplexer.1-2",
            "metadata": {
                "label": "1:2 Multiplexer",
                "x": 587.999997138977,
                "y": 192,
                "height": 80,
                "width": 120,
                "extensible": true,
                "config": {}
            }
        },
        "saphanaclient1": {
            "component": "com.sap.hana.client2",
            "metadata": {
                "label": "SAP HANA Client",
                "x": 772.9999961853027,
                "y": 252,
                "height": 80,
                "width": 120,
                "config": {
                    "connection": {
                        "configurationType": "Configuration Manager",
                        "connectionID": "EU_HANA"
                    },
                    "tableName": "\"DIPROJECTS\".\"TOPICS\"",
                    "tableColumns": [
                        {
                            "name": "TOPIC",
                            "type": "NVARCHAR",
                            "size": 80
                        },
                        {
                            "name": "LANGUAGE",
                            "type": "NVARCHAR",
                            "size": 3
                        },
                        {
                            "name": "TYPE",
                            "type": "NVARCHAR",
                            "size": 10
                        },
                        {
                            "name": "DATE",
                            "type": "DATE"
                        },
                        {
                            "name": "EXPERIY_DATE",
                            "type": "DATE"
                        },
                        {
                            "name": "ATTRIBUTE",
                            "type": "NVARCHAR",
                            "size": 15
                        },
                        {
                            "name": "KEYWORD_1",
                            "type": "NVARCHAR",
                            "size": 80
                        },
                        {
                            "name": "KEYWORD_2",
                            "type": "NVARCHAR",
                            "size": 80
                        },
                        {
                            "name": "KEYWORD_3",
                            "type": "NVARCHAR",
                            "size": 80
                        },
                        {
                            "name": "KEYWORD_4",
                            "type": "NVARCHAR",
                            "size": 80
                        },
                        {
                            "name": "KEYWORD_5",
                            "type": "NVARCHAR",
                            "size": 80
                        },
                        {
                            "name": "KEYWORD_6",
                            "type": "NVARCHAR",
                            "size": 80
                        },
                        {
                            "name": "KEYWORD_7",
                            "type": "NVARCHAR",
                            "size": 80
                        },
                        {
                            "name": "KEYWORD_8",
                            "type": "NVARCHAR",
                            "size": 80
                        },
                        {
                            "name": "KEYWORD_9",
                            "type": "NVARCHAR",
                            "size": 80
                        },
                        {
                            "name": "KEYWORD_10",
                            "type": "NVARCHAR",
                            "size": 80
                        }
                    ],
                    "csvHeader": "Ignore",
                    "insertMode": "UPSERT"
                }
            }
        }
    },
    "groups": [],
    "connections": [
        {
            "metadata": {
                "points": "141,223 168.99999952316284,223 168.99999952316284,172 196.99999904632568,172"
            },
            "src": {
                "port": "success",
                "process": "betarunhanasql1"
            },
            "tgt": {
                "port": "words",
                "process": "topicidentification1"
            }
        },
        {
            "metadata": {
                "points": "325.9999990463257,181 353.9999985694885,181 353.9999985694885,186.49999976158142 381.99999809265137,186.49999976158142"
            },
            "src": {
                "port": "sql",
                "process": "topicidentification1"
            },
            "tgt": {
                "port": "data",
                "process": "tabletocsvstream1"
            }
        },
        {
            "metadata": {
                "points": "325.9999990463257,163 353.9999985694885,163 353.9999985694885,117.50000023841858 538.9999976158142,117.50000023841858 538.9999976158142,94 582.999997138977,94"
            },
            "src": {
                "port": "log",
                "process": "topicidentification1"
            },
            "tgt": {
                "port": "in1",
                "process": "31multiplexer1"
            }
        },
        {
            "metadata": {
                "points": "510.99999809265137,177.49999976158142 554.9999976158142,177.49999976158142 554.9999976158142,112 582.999997138977,112"
            },
            "src": {
                "port": "log",
                "process": "tabletocsvstream1"
            },
            "tgt": {
                "port": "in2",
                "process": "31multiplexer1"
            }
        },
        {
            "metadata": {
                "points": "711.999997138977,112 739.9999966621399,112 739.9999966621399,52 767.9999961853027,52"
            },
            "src": {
                "port": "out1",
                "process": "31multiplexer1"
            },
            "tgt": {
                "port": "in",
                "process": "wiretap1"
            }
        },
        {
            "metadata": {
                "points": "510.99999809265137,195.49999976158142 538.9999976158142,195.49999976158142 538.9999976158142,232 582.999997138977,232"
            },
            "src": {
                "port": "csv",
                "process": "tabletocsvstream1"
            },
            "tgt": {
                "port": "in1",
                "process": "12multiplexer1"
            }
        },
        {
            "metadata": {
                "points": "711.999997138977,223 739.9999966621399,223 739.9999966621399,172 767.9999961853027,172"
            },
            "src": {
                "port": "out1",
                "process": "12multiplexer1"
            },
            "tgt": {
                "port": "inFile",
                "process": "writefile1"
            }
        },
        {
            "metadata": {
                "points": "711.999997138977,241 739.9999966621399,241 739.9999966621399,301 767.9999961853027,301"
            },
            "src": {
                "port": "out2",
                "process": "12multiplexer1"
            },
            "tgt": {
                "port": "data",
                "process": "saphanaclient1"
            }
        },
        {
            "metadata": {
                "points": "896.9999961853027,292 924.9999957084656,292 924.9999957084656,172 952.9999952316284,172"
            },
            "src": {
                "port": "result",
                "process": "saphanaclient1"
            },
            "tgt": {
                "port": "stop",
                "process": "workflowterminator1"
            }
        }
    ],
    "inports": {},
    "outports": {}
}