{
    "description": "JSON stream to dict",
    "component": "com.sap.system.python3Operator",
    "inports": [
        {
            "name": "stream",
            "type": "message"
        }
    ],
    "outports": [
        {
            "name": "log",
            "type": "string"
        },
        {
            "name": "data",
            "type": "message.dicts"
        }
    ],
    "iconsrc": "jsondict.svg",
    "config": {
        "$type": "http://sap.com/vflow/sdi_utils_operators.json_dict.configSchema.json",
        "collect": false,
        "debug_mode": false,
        "script": "file://json_dict.py"
    },
    "tags": {
        "sdi_utils": ""
    }
}