{
    "description": "Pivotize Topics",
    "processes": {
        "betareadhanatable1": {
            "component": "com.sap.hana.readTable",
            "metadata": {
                "label": "Read TOPIC",
                "x": 17,
                "y": 12,
                "height": 80,
                "width": 120,
                "config": {
                    "connection": {
                        "configurationType": "Configuration Manager",
                        "connectionID": "EU_HANA"
                    },
                    "configMode": "Static (from configuration)",
                    "tableName": "DIPROJECTS.TOPICS"
                }
            }
        },
        "betawritehanatable1": {
            "component": "com.sap.hana.writeTable",
            "metadata": {
                "label": "Write TOPIC_V",
                "x": 386.99999809265137,
                "y": 12,
                "height": 80,
                "width": 120,
                "config": {
                    "connection": {
                        "configurationType": "Configuration Manager",
                        "connectionID": "EU_HANA"
                    },
                    "configMode": "Static (from configuration)",
                    "tableName": "DIPROJECTS.TOPICS_V"
                }
            }
        },
        "pivotizetable1": {
            "component": "sdi_utils_operators.table.pivotize",
            "metadata": {
                "label": "Pivotize table",
                "x": 201.99999904632568,
                "y": 12,
                "height": 80,
                "width": 120,
                "extensible": true,
                "config": {
                    "debug_mode": true,
                    "pivot_cols_index": "6,7,8,9,10,11,12,13,14,15",
                    "pivot_column_name": "KEYWORD"
                }
            }
        },
        "graphterminator1": {
            "component": "com.sap.util.graphTerminator",
            "metadata": {
                "label": "Graph Terminator",
                "x": 571.999997138977,
                "y": 12,
                "height": 80,
                "width": 120,
                "config": {}
            }
        }
    },
    "groups": [],
    "connections": [
        {
            "metadata": {
                "points": "141,43 168.99999952316284,43 168.99999952316284,52 196.99999904632568,52"
            },
            "src": {
                "port": "success",
                "process": "betareadhanatable1"
            },
            "tgt": {
                "port": "topic",
                "process": "pivotizetable1"
            }
        },
        {
            "metadata": {
                "points": "325.9999990463257,61 353.9999985694885,61 353.9999985694885,52 381.99999809265137,52"
            },
            "src": {
                "port": "table",
                "process": "pivotizetable1"
            },
            "tgt": {
                "port": "input",
                "process": "betawritehanatable1"
            }
        },
        {
            "metadata": {
                "points": "510.99999809265137,43 538.9999976158142,43 538.9999976158142,52 566.999997138977,52"
            },
            "src": {
                "port": "success",
                "process": "betawritehanatable1"
            },
            "tgt": {
                "port": "stop",
                "process": "graphterminator1"
            }
        }
    ],
    "inports": {},
    "outports": {},
    "properties": {}
}