{
    "properties": {},
    "description": "RemoveDuplicates",
    "processes": {
        "readfile1": {
            "component": "com.sap.storage.read",
            "metadata": {
                "label": "Read File",
                "x": 223,
                "y": 216,
                "height": 80,
                "width": 120,
                "config": {
                    "service": "SDL",
                    "path": "/shared/onlinemedia_texts/",
                    "pollPeriodInMs": "1000000",
                    "pattern": ".*(1).json"
                }
            }
        },
        "graphterminator1": {
            "component": "com.sap.util.graphTerminator",
            "metadata": {
                "label": "Graph Terminator",
                "x": 1053,
                "y": 172,
                "height": 80,
                "width": 120,
                "config": {}
            }
        },
        "wiretap1": {
            "component": "com.sap.util.wiretap",
            "metadata": {
                "label": "Wiretap",
                "x": 647,
                "y": 63,
                "height": 80,
                "width": 120,
                "ui": "dynpath",
                "config": {}
            }
        },
        "gate1": {
            "component": "sdi_utils_operators.gate.count_gate",
            "metadata": {
                "label": "Gate",
                "x": 860,
                "y": 193,
                "height": 80,
                "width": 120,
                "extensible": true,
                "config": {
                    "attribute": "storage.fileCount",
                    "limit": 100
                }
            }
        },
        "12multiplexer1": {
            "component": "com.sap.system.multiplexer.1-2",
            "metadata": {
                "label": "1:2 Multiplexer",
                "x": 417,
                "y": 136,
                "height": 80,
                "width": 120,
                "extensible": true,
                "config": {}
            }
        },
        "writefile1": {
            "component": "com.sap.storage.write",
            "metadata": {
                "label": "Write File",
                "x": 581,
                "y": 222,
                "height": 80,
                "width": 120,
                "config": {
                    "service": "SDL",
                    "path": "/shared/tmp_onlinemedia_texts/"
                }
            }
        }
    },
    "groups": [],
    "connections": [
        {
            "metadata": {
                "points": "771,103 813,103 813,233 855,233"
            },
            "src": {
                "port": "out",
                "process": "wiretap1"
            },
            "tgt": {
                "port": "attributes",
                "process": "gate1"
            }
        },
        {
            "metadata": {
                "points": "984,233 1016,233 1016,212 1048,212"
            },
            "src": {
                "port": "trigger",
                "process": "gate1"
            },
            "tgt": {
                "port": "stop",
                "process": "graphterminator1"
            }
        },
        {
            "metadata": {
                "points": "347,247 379.5,247 379.5,176 412,176"
            },
            "src": {
                "port": "outFilename",
                "process": "readfile1"
            },
            "tgt": {
                "port": "in1",
                "process": "12multiplexer1"
            }
        },
        {
            "metadata": {
                "points": "541,167 591.5,167 591.5,103 642,103"
            },
            "src": {
                "port": "out1",
                "process": "12multiplexer1"
            },
            "tgt": {
                "port": "in",
                "process": "wiretap1"
            }
        },
        {
            "metadata": {
                "points": "347,265 461.5,265 461.5,262 576,262"
            },
            "src": {
                "port": "outFile",
                "process": "readfile1"
            },
            "tgt": {
                "port": "inFile",
                "process": "writefile1"
            }
        },
        {
            "metadata": {
                "points": "705,262 780,262 780,251 855,251"
            },
            "src": {
                "port": "outFilename",
                "process": "writefile1"
            },
            "tgt": {
                "port": "data",
                "process": "gate1"
            }
        }
    ],
    "inports": {},
    "outports": {}
}