{
    "properties": {},
    "description": "Daily Sentiment Analysis 2",
    "processes": {
        "readfile1": {
            "component": "com.sap.storage.read",
            "metadata": {
                "label": "Read File",
                "x": 386.99999809265137,
                "y": 100.99999952316284,
                "height": 80,
                "width": 120,
                "config": {
                    "service": "SDL",
                    "path": "/shared/onlinemedia_texts",
                    "pollPeriodInMs": "10000000"
                }
            }
        },
        "jsonstreamtodict1": {
            "component": "sdi_utils_operators.json_dict",
            "metadata": {
                "label": "JSON stream to dict",
                "x": 571.999997138977,
                "y": 100.99999952316284,
                "height": 80,
                "width": 120,
                "extensible": true,
                "config": {
                    "debug_mode": true
                }
            }
        },
        "gate1": {
            "component": "sdi_utils_operators.gate.count_gate",
            "metadata": {
                "label": "Gate",
                "x": 1158.999994277954,
                "y": 26.49999976158142,
                "height": 80,
                "width": 120,
                "extensible": true,
                "config": {
                    "attribute": "storage.fileCount",
                    "limit": 10000
                }
            }
        },
        "graphterminator1": {
            "component": "com.sap.util.graphTerminator",
            "metadata": {
                "label": "Graph Terminator",
                "x": 1343.9999933242798,
                "y": 86.49999976158142,
                "height": 80,
                "width": 120,
                "config": {}
            }
        },
        "21multiplexer1": {
            "component": "com.sap.system.multiplexer.2-1",
            "metadata": {
                "label": "2:1 Multiplexer",
                "x": 957.9999952316284,
                "y": 40.99999952316284,
                "height": 80,
                "width": 120,
                "extensible": true,
                "config": {},
                "additionalinports": [
                    {
                        "name": "input1",
                        "type": "string"
                    }
                ]
            }
        },
        "wiretap1": {
            "component": "com.sap.util.wiretap",
            "metadata": {
                "label": "Wiretap",
                "x": 1158.999994277954,
                "y": 146.49999976158142,
                "height": 80,
                "width": 120,
                "ui": "dynpath",
                "config": {}
            }
        },
        "sentimentanalysis1": {
            "component": "textanalysis.sentiment_analysis",
            "metadata": {
                "label": "Sentiment Analysis",
                "x": 756.9999961853027,
                "y": 109.49999952316284,
                "height": 80,
                "width": 120,
                "extensible": true,
                "config": {
                    "debug_mode": true
                }
            }
        },
        "betawritehanatable1": {
            "component": "com.sap.hana.writeTable",
            "metadata": {
                "label": "SENTIMENTS",
                "x": 957.9999952316284,
                "y": 160.99999952316284,
                "height": 80,
                "width": 120,
                "config": {
                    "configMode": "Static (from configuration)",
                    "tableName": "SENTIMENTS",
                    "connection": {
                        "configurationType": "Configuration Manager",
                        "connectionID": "EU_HANA"
                    },
                    "statementType": "INSERT"
                }
            }
        },
        "readfile2": {
            "component": "com.sap.storage.read",
            "metadata": {
                "label": "Read File",
                "x": 17,
                "y": 86.49999976158142,
                "height": 80,
                "width": 120,
                "config": {
                    "service": "SDL",
                    "path": "/shared/onlinemedia_texts",
                    "pollPeriodInMs": "100000000"
                }
            }
        },
        "filtertodaystring1": {
            "component": "sdi_utils_operators.filter_today",
            "metadata": {
                "label": "Filter today string",
                "x": 201.99999904632568,
                "y": 86.49999976158142,
                "height": 80,
                "width": 120,
                "extensible": true,
                "config": {
                    "debug_mode": true
                }
            }
        }
    },
    "groups": [],
    "connections": [
        {
            "metadata": {
                "points": "510.99999809265137,149.99999952316284 538.9999976158142,149.99999952316284 538.9999976158142,140.99999952316284 566.999997138977,140.99999952316284"
            },
            "src": {
                "port": "outFile",
                "process": "readfile1"
            },
            "tgt": {
                "port": "stream",
                "process": "jsonstreamtodict1"
            }
        },
        {
            "metadata": {
                "points": "1282.999994277954,66.49999976158142 1310.999993801117,66.49999976158142 1310.999993801117,126.49999976158142 1338.9999933242798,126.49999976158142"
            },
            "src": {
                "port": "trigger",
                "process": "gate1"
            },
            "tgt": {
                "port": "stop",
                "process": "graphterminator1"
            }
        },
        {
            "metadata": {
                "points": "695.999997138977,131.99999952316284 723.9999966621399,131.99999952316284 723.9999966621399,80.5 924.9999957084656,80.5 924.9999957084656,62.99999952316284 952.9999952316284,62.99999952316284"
            },
            "src": {
                "port": "log",
                "process": "jsonstreamtodict1"
            },
            "tgt": {
                "port": "in1",
                "process": "21multiplexer1"
            }
        },
        {
            "metadata": {
                "points": "1081.9999952316284,80.99999952316284 1125.9999947547913,80.99999952316284 1125.9999947547913,186.49999976158142 1153.999994277954,186.49999976158142"
            },
            "src": {
                "port": "out1",
                "process": "21multiplexer1"
            },
            "tgt": {
                "port": "in",
                "process": "wiretap1"
            }
        },
        {
            "metadata": {
                "points": "695.999997138977,149.99999952316284 723.9999966621399,149.99999952316284 723.9999966621399,149.49999952316284 751.9999961853027,149.49999952316284"
            },
            "src": {
                "port": "data",
                "process": "jsonstreamtodict1"
            },
            "tgt": {
                "port": "articles",
                "process": "sentimentanalysis1"
            }
        },
        {
            "metadata": {
                "points": "880.9999961853027,131.49999952316284 908.9999957084656,131.49999952316284 908.9999957084656,98.99999952316284 952.9999952316284,98.99999952316284"
            },
            "src": {
                "port": "log",
                "process": "sentimentanalysis1"
            },
            "tgt": {
                "port": "input1",
                "process": "21multiplexer1"
            }
        },
        {
            "metadata": {
                "points": "880.9999961853027,149.49999952316284 908.9999957084656,149.49999952316284 908.9999957084656,200.99999952316284 952.9999952316284,200.99999952316284"
            },
            "src": {
                "port": "table",
                "process": "sentimentanalysis1"
            },
            "tgt": {
                "port": "input",
                "process": "betawritehanatable1"
            }
        },
        {
            "metadata": {
                "points": "1081.9999952316284,191.99999952316284 1109.9999947547913,191.99999952316284 1109.9999947547913,84.49999976158142 1153.999994277954,84.49999976158142"
            },
            "src": {
                "port": "success",
                "process": "betawritehanatable1"
            },
            "tgt": {
                "port": "data",
                "process": "gate1"
            }
        },
        {
            "metadata": {
                "points": "141,117.49999976158142 168.99999952316284,117.49999976158142 168.99999952316284,126.49999976158142 196.99999904632568,126.49999976158142"
            },
            "src": {
                "port": "outFilename",
                "process": "readfile2"
            },
            "tgt": {
                "port": "input",
                "process": "filtertodaystring1"
            }
        },
        {
            "metadata": {
                "points": "325.9999990463257,144.49999976158142 353.9999985694885,144.49999976158142 353.9999985694885,140.99999952316284 381.99999809265137,140.99999952316284"
            },
            "src": {
                "port": "output",
                "process": "filtertodaystring1"
            },
            "tgt": {
                "port": "inPath",
                "process": "readfile1"
            }
        },
        {
            "metadata": {
                "points": "325.9999990463257,126.49999976158142 353.9999985694885,126.49999976158142 353.9999985694885,72 723.9999966621399,72 723.9999966621399,63.5 908.9999957084656,63.5 908.9999957084656,12 1109.9999947547913,12 1109.9999947547913,48.49999976158142 1153.999994277954,48.49999976158142"
            },
            "src": {
                "port": "numfiles",
                "process": "filtertodaystring1"
            },
            "tgt": {
                "port": "limit",
                "process": "gate1"
            }
        }
    ],
    "inports": {},
    "outports": {}
}