{
    "properties": {},
    "description": "Online Media Crawling",
    "processes": {
        "scrapyexecutor1": {
            "component": "sdi_utils_operators.scrapy_executor",
            "metadata": {
                "label": "scrapy executor",
                "x": 792.9999961853027,
                "y": 282.9999997615814,
                "height": 80,
                "width": 120,
                "extensible": true,
                "config": {
                    "cmd": "scrapy crawl Spiegel_spider"
                }
            }
        },
        "gate1": {
            "component": "sdi_utils_operators.gate",
            "metadata": {
                "label": "Gate",
                "x": 607.999997138977,
                "y": 274.4999997615814,
                "height": 80,
                "width": 120,
                "extensible": true,
                "config": {
                    "script": "import time\n\nimport sdi_utils.gensolution as gs\nimport sdi_utils.set_logging as slog\nimport sdi_utils.textfield_parser as tfp\nimport sdi_utils.tprogress as tp\n\ntry:\n    api\nexcept NameError:\n    class api:\n        class Message:\n            def __init__(self, body=None, attributes=\"\"):\n                self.body = body\n                self.attributes = attributes\n\n        def send(port, msg):\n            if isinstance(msg, api.Message):\n                print('{}: {}'.format(port['name'], msg.body))\n            else:\n                print('{}: {}'.format(port['name'], msg))\n\n        class config:\n            ## Meta data\n            config_params = dict()\n            tags = {'pandas': '', 'sdi_utils': ''}\n            version = \"0.0.1\"\n            operator_description = \"Gate\"\n            operator_description_long = \"Gate that counts incoming messages and sends out message with latest \\\nmessage when gate limit has been reached.\"\n            add_readme = dict()\n\n            debug_mode = True\n            config_params['debug_mode'] = {'title': 'Debug mode',\n                                           'description': 'Sending debug level information to log port',\n                                           'type': 'boolean'}\n            limit = 0\n            config_params['limit'] = {'title': 'Limit', 'description': \\\n                'Limit after which the message is send', 'type': 'integer'}\n            sleep = 5\n            config_params['sleep'] = {'title': 'Sleep', 'description': \\\n                'Time before starting next processing step', 'type': 'integer'}\n\ninports = [{\"name\": \"limit\", \"type\": \"integer\", \"description\": \"Limit\"}, \\\n           {\"name\": \"data\", \"type\": \"message\", \"description\": \"Input data\"}]\noutports = [{'name': 'log', 'type': 'string', \"description\": \"Logging data\"}, \\\n            {'name': 'trigger', 'type': 'string', \"description\": \"Trigger next process step\"},\n            {\"name\": \"data\", \"type\": \"message\", \"description\": \"Output of unchanged last input data\"}]\n\ncounter = 0\n\n\ndef call_on_message(msg):\n    global counter\n    logger, log_stream = slog.set_logging('Gate', loglevel=api.config.debug_mode)\n\n    counter += 1\n    if counter >= api.config.limit:\n        time.sleep(api.config.sleep)\n        api.send(outports[2]['name'], msg)\n        api.send(outports[1]['name'], '{}'.format(counter))\n        logger.info('Counter greater or equal than limit: {} >= {}'.format(counter, api.config.limit))\n        # api.send(outports[0]['name'],'Message send. Counter greater or equal than limit: {} >= {}'.format(counter, api.config.limit))\n    else:\n        logger.info('No message send. Counter less than limit: {} < {}'.format(counter, api.config.limit))\n        # api.send(outports[0]['name'],'No message send. Counter less than limit: {} < {}'.format(counter, api.config.limit))\n\n    api.send(outports[0]['name'], log_stream.getvalue())\n\n\ndef call_on_limit(new_limit):\n    logger, log_stream = slog.set_logging('Gate', loglevel=api.config.debug_mode)\n    old_limit = api.config.limit\n    api.config.limit = new_limit\n    logger.info('Set new limit to: {} -> {}'.format(old_limit, api.config.limit))\n    api.send(outports[0]['name'], log_stream.getvalue())\n\n\napi.set_port_callback(inports[0]['name'], call_on_limit)\napi.set_port_callback(inports[1]['name'], call_on_message)\n\n\ndef main():\n    api.config.sleep = 0\n    api.config.limit = 5\n    for i in range(0, 10):\n        msg = api.Message(attributes={'msg': 'test'}, body=i)\n        call_on_message(msg)\n        if i == 6:\n            call_on_limit(9)\n\n\n",
                    "sleep": 0,
                    "limit": 5
                }
            }
        },
        "writecontainerfile1": {
            "component": "containerFile.writeContainerFile",
            "metadata": {
                "label": "WriteContainerFile",
                "x": 422.99999809265137,
                "y": 260,
                "height": 80,
                "width": 120,
                "extensible": true,
                "config": {
                    "path": "/home",
                    "debug_mode": true,
                    "remove_dirs": "/shared/scrapy"
                }
            }
        },
        "51multiplexer3": {
            "component": "com.sap.system.multiplexer.5-1",
            "metadata": {
                "label": "5:1 Multiplexer",
                "x": 217.99999904632568,
                "y": 242,
                "height": 100,
                "width": 120,
                "extensible": true,
                "config": {}
            }
        },
        "readfile1": {
            "component": "com.sap.storage.read",
            "metadata": {
                "label": "settings.py",
                "x": 17,
                "y": 12,
                "height": 80,
                "width": 120,
                "config": {
                    "service": "SDL",
                    "path": "/shared/scrapy/onlinemedia/onlinemedia/settings.py",
                    "pollPeriodInMs": "10000000"
                }
            }
        },
        "readfile2": {
            "component": "com.sap.storage.read",
            "metadata": {
                "label": "items.py",
                "x": 17,
                "y": 132,
                "height": 80,
                "width": 120,
                "config": {
                    "service": "SDL",
                    "path": "/shared/scrapy/onlinemedia/onlinemedia/items.py",
                    "pollPeriodInMs": "10000000"
                }
            }
        },
        "readfile3": {
            "component": "com.sap.storage.read",
            "metadata": {
                "label": "pipelines.py",
                "x": 17,
                "y": 252,
                "height": 80,
                "width": 120,
                "config": {
                    "path": "/shared/scrapy/onlinemedia/onlinemedia/pipelines.py",
                    "service": "SDL",
                    "pollPeriodInMs": "10000000"
                }
            }
        },
        "readfile4": {
            "component": "com.sap.storage.read",
            "metadata": {
                "label": "middlewares.py",
                "x": 21,
                "y": 370,
                "height": 80,
                "width": 120,
                "config": {
                    "path": "/shared/scrapy/onlinemedia/onlinemedia/middlewares.py",
                    "service": "SDL",
                    "pollPeriodInMs": "10000000"
                }
            }
        },
        "readfile5": {
            "component": "com.sap.storage.read",
            "metadata": {
                "label": "spider.py",
                "x": 17,
                "y": 492,
                "height": 80,
                "width": 120,
                "config": {
                    "path": "/shared/scrapy/onlinemedia/onlinemedia/spiders/spider.py",
                    "service": "SDL",
                    "pollPeriodInMs": "10000000"
                }
            }
        },
        "51multiplexer1": {
            "component": "com.sap.system.multiplexer.5-1",
            "metadata": {
                "label": "5:1 Multiplexer",
                "x": 1101.999994277954,
                "y": 164,
                "height": 136,
                "width": 120,
                "extensible": true,
                "config": {},
                "additionalinports": [
                    {
                        "name": "input1",
                        "type": "string"
                    },
                    {
                        "name": "input2",
                        "type": "stream"
                    }
                ],
                "additionaloutports": [
                    {
                        "name": "secondOutput",
                        "type": "string"
                    }
                ]
            }
        },
        "wiretap1": {
            "component": "com.sap.util.wiretap",
            "metadata": {
                "label": "Wiretap",
                "x": 1286.9999933242798,
                "y": 252,
                "height": 80,
                "width": 120,
                "ui": "dynpath",
                "config": {}
            }
        },
        "wiretap2": {
            "component": "com.sap.util.wiretap",
            "metadata": {
                "label": "Wiretap",
                "x": 1101.999994277954,
                "y": 340,
                "height": 80,
                "width": 120,
                "ui": "dynpath",
                "config": {}
            }
        }
    },
    "groups": [
        {
            "name": "group2",
            "nodes": [
                "scrapyexecutor1",
                "gate1",
                "writecontainerfile1"
            ],
            "metadata": {
                "description": "Group"
            }
        }
    ],
    "connections": [
        {
            "metadata": {
                "points": "1225.999994277954,223 1253.999993801117,223 1253.999993801117,292 1281.9999933242798,292"
            },
            "src": {
                "port": "out1",
                "process": "51multiplexer1"
            },
            "tgt": {
                "port": "in",
                "process": "wiretap1"
            }
        },
        {
            "metadata": {
                "points": "141,61 184.99999952316284,61 184.99999952316284,256 212.99999904632568,256"
            },
            "src": {
                "port": "outFile",
                "process": "readfile1"
            },
            "tgt": {
                "port": "in1",
                "process": "51multiplexer3"
            }
        },
        {
            "metadata": {
                "points": "141,181 168.99999952316284,181 168.99999952316284,274 212.99999904632568,274"
            },
            "src": {
                "port": "outFile",
                "process": "readfile2"
            },
            "tgt": {
                "port": "in2",
                "process": "51multiplexer3"
            }
        },
        {
            "metadata": {
                "points": "141,301 168.99999952316284,301 168.99999952316284,292 212.99999904632568,292"
            },
            "src": {
                "port": "outFile",
                "process": "readfile3"
            },
            "tgt": {
                "port": "in3",
                "process": "51multiplexer3"
            }
        },
        {
            "metadata": {
                "points": "145,419 179,419 179,310 212.99999904632568,310"
            },
            "src": {
                "port": "outFile",
                "process": "readfile4"
            },
            "tgt": {
                "port": "in4",
                "process": "51multiplexer3"
            }
        },
        {
            "metadata": {
                "points": "141,541 184.99999952316284,541 184.99999952316284,328 212.99999904632568,328"
            },
            "src": {
                "port": "outFile",
                "process": "readfile5"
            },
            "tgt": {
                "port": "in5",
                "process": "51multiplexer3"
            }
        },
        {
            "metadata": {
                "points": "546.9999980926514,291 574.9999976158142,291 574.9999976158142,245.50000023841858 759.9999966621399,245.50000023841858 759.9999966621399,237.00000023841858 960.9999957084656,237.00000023841858 960.9999957084656,283.5 1036.9999947547913,283.5 1036.9999947547913,178 1096.999994277954,178"
            },
            "src": {
                "port": "log",
                "process": "writecontainerfile1"
            },
            "tgt": {
                "port": "in1",
                "process": "51multiplexer1"
            }
        },
        {
            "metadata": {
                "points": "341.9999990463257,292 369.9999985694885,292 369.9999985694885,300 417.99999809265137,300"
            },
            "src": {
                "port": "out1",
                "process": "51multiplexer3"
            },
            "tgt": {
                "port": "input",
                "process": "writecontainerfile1"
            }
        },
        {
            "metadata": {
                "points": "546.9999980926514,309 574.9999976158142,309 574.9999976158142,323.4999997615814 602.999997138977,323.4999997615814"
            },
            "src": {
                "port": "data",
                "process": "writecontainerfile1"
            },
            "tgt": {
                "port": "data",
                "process": "gate1"
            }
        },
        {
            "metadata": {
                "points": "731.999997138977,296.4999997615814 759.9999966621399,296.4999997615814 759.9999966621399,254.00000023841858 944.9999957084656,254.00000023841858 944.9999957084656,294.5 1052.9999947547913,294.5 1052.9999947547913,214 1096.999994277954,214"
            },
            "src": {
                "port": "log",
                "process": "gate1"
            },
            "tgt": {
                "port": "in3",
                "process": "51multiplexer1"
            }
        },
        {
            "metadata": {
                "points": "731.999997138977,314.4999997615814 759.9999966621399,314.4999997615814 759.9999966621399,322.9999997615814 787.9999961853027,322.9999997615814"
            },
            "src": {
                "port": "trigger",
                "process": "gate1"
            },
            "tgt": {
                "port": "trigger",
                "process": "scrapyexecutor1"
            }
        },
        {
            "metadata": {
                "points": "916.9999961853027,304.9999997615814 944.9999957084656,304.9999997615814 944.9999957084656,305.5 1068.9999947547913,305.5 1068.9999947547913,232 1096.999994277954,232"
            },
            "src": {
                "port": "log",
                "process": "scrapyexecutor1"
            },
            "tgt": {
                "port": "in4",
                "process": "51multiplexer1"
            }
        },
        {
            "metadata": {
                "points": "916.9999961853027,322.9999997615814 944.9999957084656,322.9999997615814 944.9999957084656,316.5 1036.9999947547913,316.5 1036.9999947547913,380 1096.999994277954,380"
            },
            "src": {
                "port": "stderr",
                "process": "scrapyexecutor1"
            },
            "tgt": {
                "port": "in",
                "process": "wiretap2"
            }
        }
    ],
    "inports": {},
    "outports": {}
}