{
    "properties": {},
    "iconsrc": "metadata_articles.svg",
    "description": "Metadata Articles",
    "processes": {
        "readfile1": {
            "component": "com.sap.storage.read",
            "metadata": {
                "label": "Onlinemedia",
                "x": 17,
                "y": 82,
                "height": 80,
                "width": 120,
                "config": {
                    "service": "SDL",
                    "path": "/shared/onlinemedia_texts",
                    "pollPeriodInMs": "100000000",
                    "pattern": ".*json"
                }
            }
        },
        "jsonstreamtodict1": {
            "component": "sdi_utils_operators.json_dict",
            "metadata": {
                "label": "JSON stream to dict",
                "x": 217.99999904632568,
                "y": 67.50000023841858,
                "height": 80,
                "width": 120,
                "extensible": true,
                "config": {
                    "debug_mode": true,
                    "collect": false
                }
            }
        },
        "wiretap1": {
            "component": "com.sap.util.wiretap",
            "metadata": {
                "label": "Wiretap",
                "x": 1190.999994277954,
                "y": 82,
                "height": 80,
                "width": 120,
                "ui": "dynpath",
                "config": {}
            }
        },
        "51multiplexer1": {
            "component": "com.sap.system.multiplexer.5-1",
            "metadata": {
                "label": "5:1 Multiplexer",
                "x": 1005.9999952316284,
                "y": 12,
                "height": 100,
                "width": 120,
                "extensible": true,
                "config": {}
            }
        },
        "saphanaclient1": {
            "component": "com.sap.hana.client2",
            "metadata": {
                "label": "SAP HANA Client",
                "x": 619.999997138977,
                "y": 113.49999976158142,
                "height": 80,
                "width": 120,
                "config": {
                    "connection": {
                        "configurationType": "Configuration Manager",
                        "connectionID": "EU_HANA"
                    },
                    "tableName": "articles_metadata",
                    "tableColumns": [
                        {
                            "name": "media",
                            "type": "NVARCHAR",
                            "size": 50
                        },
                        {
                            "name": "date",
                            "type": "DATE"
                        },
                        {
                            "name": "language",
                            "type": "NVARCHAR",
                            "size": 3
                        },
                        {
                            "name": "hash_text",
                            "type": "BIGINT"
                        },
                        {
                            "name": "url",
                            "type": "NVARCHAR",
                            "size": 255
                        },
                        {
                            "name": "rubrics",
                            "type": "NVARCHAR",
                            "size": 50
                        },
                        {
                            "name": "title",
                            "type": "NVARCHAR",
                            "size": 255
                        },
                        {
                            "name": "num_characters",
                            "type": "BIGINT"
                        }
                    ],
                    "inputFormat": "JSON",
                    "initTable": "Truncate",
                    "terminateOnError": true
                }
            }
        },
        "gate1": {
            "component": "sdi_utils_operators.gate.count_gate",
            "metadata": {
                "label": "Gate",
                "x": 804.9999961853027,
                "y": 104.99999976158142,
                "height": 80,
                "width": 120,
                "extensible": true,
                "config": {
                    "limit": 100000000,
                    "attribute": "storage.fileCount"
                }
            }
        },
        "graphterminator1": {
            "component": "com.sap.util.graphTerminator",
            "metadata": {
                "label": "Graph Terminator",
                "x": 1005.9999952316284,
                "y": 152,
                "height": 80,
                "width": 120,
                "config": {}
            }
        },
        "metadataarticles1": {
            "component": "textanalysis.metadata_articles",
            "metadata": {
                "label": "Metadata Articles",
                "x": 402.99999809265137,
                "y": 82,
                "height": 80,
                "width": 120,
                "extensible": true,
                "config": {
                    "script": "import io\nimport json\nimport os\nimport re\n\nimport sdi_utils.gensolution as gs\nimport sdi_utils.set_logging as slog\nimport sdi_utils.textfield_parser as tfp\nimport sdi_utils.tprogress as tp\n\nlanguage = {'Lefigaro': 'F', 'Lemonde': 'F', 'Spiegel': 'G', 'FAZ': 'G', 'Sueddeutsche': 'G', 'Elpais': 'S',\n            'Elmundo': 'S'}\n\ntry:\n    api\nexcept NameError:\n    class api:\n        class Message:\n            def __init__(self, body=None, attributes=\"\"):\n                self.body = body\n                self.attributes = attributes\n\n        def send(port, msg):\n            if port == outports[1]['name']:\n                new_filename = os.path.basename(msg.attributes['storage.filename']).split('.')[0] + '-metadata.json'\n                with open(os.path.join('/Users/Shared/data/onlinemedia/prep_texts', new_filename), mode='w') as f:\n                    f.write(json.dumps(msg.body, ensure_ascii=False))\n\n        def set_config(config):\n            api.config = config\n\n        def set_port_callback(port, callback):\n            pass\n\n        class config:\n            ## Meta data\n            config_params = dict()\n            tags = {'sdi_utils': '', 'nltk': ''}\n            version = \"0.0.1\"\n            operator_description = \"Metadata Articles\"\n            operator_description_long = \"Create metadata from articles.\"\n            add_readme = dict()\n\n            debug_mode = True\n            config_params['debug_mode'] = {'title': 'Debug mode',\n                                           'description': 'Sending debug level information to log port',\n                                           'type': 'boolean'}\n\n            num_important_words = 100\n            config_params['num_important_words'] = {'title': 'Number of important words',\n                                                    'description': 'Number of important words to be extracted.',\n                                                    'type': 'integer'}\n\nhash_dict = dict()\n\ndef process(msg):\n    global hash_dict\n\n    logger, log_stream = slog.set_logging('metadata_articles', loglevel=api.config.debug_mode)\n    logger.info(\"Process started\")\n    time_monitor = tp.progress()\n\n    adict = msg.body\n    att_dict = msg.attributes\n\n    metadata_articles = list()\n\n    for index_article, article in enumerate(adict):\n        metadata = {'media': article['media'], 'date': article['date'], 'language': language[article['media']], \\\n                    'hash_text': article['hash_text'], 'url': article['url'], 'rubrics': article['rubrics'],\n                    'title': article['title'][:255]}\n        metadata['num_characters'] = len(article['text'])\n        #test if key already exist\n        if not metadata['hash_text'] in hash_dict :\n            hash_dict[metadata['hash_text']] = [metadata['date']]\n            metadata_articles.append(metadata)\n        else :\n            if metadata['date'] in hash_dict[metadata['hash_text']] :\n                logger.warning('Hash_text and date exist already: {} - {} - {} - {}'.\\\n                               format(metadata['date'], metadata['media'],  metadata['title'],metadata['hash_text']))\n            else :\n                hash_dict[metadata['hash_text']].append(metadata['date'])\n                metadata_articles.append(metadata)\n\n    logger.debug('Process ended, articles processed {}  - {}  '.format(len(adict), time_monitor.elapsed_time()))\n\n    att_dict['content'] = 'metadata for articles'\n    msg = api.Message(attributes=att_dict, body=metadata_articles)\n    api.send(outports[1]['name'], msg)\n    api.send(outports[0]['name'], log_stream.getvalue())\n\n\ninports = [{'name': 'articles', 'type': 'message.dicts', \"description\": \"Message with body as dictionary.\"}]\noutports = [{'name': 'log', 'type': 'string', \"description\": \"Logging data\"},\n            {'name': 'data', 'type': 'message', \"description\": \"Output metadata of articles\"}]\n\napi.set_port_callback(inports[0]['name'], process)\n\n\ndef main():\n    config = api.config\n    config.debug_mode = True\n    config.num_important_words = 100\n    api.set_config(config)\n\n    in_dir = '/Users/Shared/data/onlinemedia/crawled_texts/'\n    files_in_dir = [f for f in os.listdir(in_dir) if os.path.isfile(os.path.join(in_dir, f)) and re.match('.*json', f)]\n\n    for i, fname in enumerate(files_in_dir):\n\n        fbase = fname.split('.')[0]\n        eos = True if len(files_in_dir) == i + 1 else False\n        attributes = {'format': 'csv', \"storage.filename\": fbase, 'storage.endOfSequence': eos, \\\n                      'storage.fileIndex': i, 'storage.fileCount': len(files_in_dir),'process_list':[]}\n        with open(os.path.join(in_dir,fname)) as json_file:\n            data = json.load(json_file)\n        msg_data = api.Message(attributes=attributes, body=data)\n\n        process(msg_data)\n\n\n\n\n"
                }
            }
        }
    },
    "groups": [],
    "connections": [
        {
            "metadata": {
                "points": "141,131 168.99999952316284,131 168.99999952316284,107.50000023841858 212.99999904632568,107.50000023841858"
            },
            "src": {
                "port": "outFile",
                "process": "readfile1"
            },
            "tgt": {
                "port": "stream",
                "process": "jsonstreamtodict1"
            }
        },
        {
            "metadata": {
                "points": "341.9999990463257,98.50000023841858 369.9999985694885,98.50000023841858 369.9999985694885,53.00000047683716 554.9999976158142,53.00000047683716 554.9999976158142,50.50000023841858 771.9999966621399,50.50000023841858 771.9999966621399,59.00000023841858 956.9999957084656,59.00000023841858 956.9999957084656,26 1000.9999952316284,26"
            },
            "src": {
                "port": "log",
                "process": "jsonstreamtodict1"
            },
            "tgt": {
                "port": "in1",
                "process": "51multiplexer1"
            }
        },
        {
            "metadata": {
                "points": "1129.9999952316284,62 1157.9999947547913,62 1157.9999947547913,122 1185.999994277954,122"
            },
            "src": {
                "port": "out1",
                "process": "51multiplexer1"
            },
            "tgt": {
                "port": "in",
                "process": "wiretap1"
            }
        },
        {
            "metadata": {
                "points": "141,113 184.99999952316284,113 184.99999952316284,175.49999976158142 369.9999985694885,175.49999976158142 369.9999985694885,189.99999952316284 570.9999976158142,189.99999952316284 570.9999976158142,84.50000023841858 771.9999966621399,84.50000023841858 771.9999966621399,144.99999976158142 799.9999961853027,144.99999976158142"
            },
            "src": {
                "port": "outFilename",
                "process": "readfile1"
            },
            "tgt": {
                "port": "attributes",
                "process": "gate1"
            }
        },
        {
            "metadata": {
                "points": "743.999997138977,153.49999976158142 771.9999966621399,153.49999976158142 771.9999966621399,162.99999976158142 799.9999961853027,162.99999976158142"
            },
            "src": {
                "port": "result",
                "process": "saphanaclient1"
            },
            "tgt": {
                "port": "data",
                "process": "gate1"
            }
        },
        {
            "metadata": {
                "points": "928.9999961853027,144.99999976158142 956.9999957084656,144.99999976158142 956.9999957084656,192 1000.9999952316284,192"
            },
            "src": {
                "port": "trigger",
                "process": "gate1"
            },
            "tgt": {
                "port": "stop",
                "process": "graphterminator1"
            }
        },
        {
            "metadata": {
                "points": "928.9999961853027,126.99999976158142 956.9999957084656,126.99999976158142 956.9999957084656,98 1000.9999952316284,98"
            },
            "src": {
                "port": "log",
                "process": "gate1"
            },
            "tgt": {
                "port": "in5",
                "process": "51multiplexer1"
            }
        },
        {
            "metadata": {
                "points": "341.9999990463257,116.50000023841858 369.9999985694885,116.50000023841858 369.9999985694885,122 397.99999809265137,122"
            },
            "src": {
                "port": "data",
                "process": "jsonstreamtodict1"
            },
            "tgt": {
                "port": "articles",
                "process": "metadataarticles1"
            }
        },
        {
            "metadata": {
                "points": "526.9999980926514,113 554.9999976158142,113 554.9999976158142,67.50000023841858 771.9999966621399,67.50000023841858 771.9999966621399,76.00000023841858 972.9999957084656,76.00000023841858 972.9999957084656,62 1000.9999952316284,62"
            },
            "src": {
                "port": "log",
                "process": "metadataarticles1"
            },
            "tgt": {
                "port": "in3",
                "process": "51multiplexer1"
            }
        },
        {
            "metadata": {
                "points": "526.9999980926514,131 586.9999976158142,131 586.9999976158142,162.49999976158142 614.999997138977,162.49999976158142"
            },
            "src": {
                "port": "data",
                "process": "metadataarticles1"
            },
            "tgt": {
                "port": "data",
                "process": "saphanaclient1"
            }
        }
    ],
    "inports": {},
    "outports": {}
}