{
    "properties": {},
    "description": "Download Articles",
    "processes": {
        "writefile1": {
            "component": "com.sap.storage.write",
            "metadata": {
                "label": "Write File",
                "x": 201.99999904632568,
                "y": 132,
                "height": 80,
                "width": 120,
                "config": {
                    "path": "/vrep/tmp/articles/\\${storage.filename}",
                    "mode": "create"
                }
            }
        },
        "graphterminator1": {
            "component": "com.sap.util.graphTerminator",
            "metadata": {
                "label": "Graph Terminator",
                "x": 587.999997138977,
                "y": 72,
                "height": 80,
                "width": 120,
                "config": {}
            }
        },
        "readfile1": {
            "component": "com.sap.storage.read",
            "metadata": {
                "label": "Read File",
                "x": 17,
                "y": 72,
                "height": 80,
                "width": 120,
                "config": {
                    "service": "SDL",
                    "path": "/shared/onlinemedia_texts/",
                    "pollPeriodInMs": "10000000"
                }
            }
        },
        "wiretap1": {
            "component": "com.sap.util.wiretap",
            "metadata": {
                "label": "Wiretap",
                "x": 402.99999809265137,
                "y": 12,
                "height": 80,
                "width": 120,
                "ui": "dynpath",
                "config": {}
            }
        },
        "12multiplexer1": {
            "component": "com.sap.system.multiplexer.1-2",
            "metadata": {
                "label": "1:2 Multiplexer",
                "x": 201.99999904632568,
                "y": 12,
                "height": 80,
                "width": 120,
                "extensible": true,
                "config": {}
            }
        },
        "gate1": {
            "component": "sdi_utils_operators.gate.count_gate",
            "metadata": {
                "label": "Gate",
                "x": 402.99999809265137,
                "y": 132,
                "height": 80,
                "width": 120,
                "extensible": true,
                "config": {
                    "limit": 100000,
                    "attribute": "storage.fileCount"
                }
            }
        }
    },
    "groups": [],
    "connections": [
        {
            "metadata": {
                "points": "141,121 168.99999952316284,121 168.99999952316284,172 196.99999904632568,172"
            },
            "src": {
                "port": "outFile",
                "process": "readfile1"
            },
            "tgt": {
                "port": "inFile",
                "process": "writefile1"
            }
        },
        {
            "metadata": {
                "points": "141,103 168.99999952316284,103 168.99999952316284,52 196.99999904632568,52"
            },
            "src": {
                "port": "outFilename",
                "process": "readfile1"
            },
            "tgt": {
                "port": "in1",
                "process": "12multiplexer1"
            }
        },
        {
            "metadata": {
                "points": "325.9999990463257,43 353.9999985694885,43 353.9999985694885,52 397.99999809265137,52"
            },
            "src": {
                "port": "out1",
                "process": "12multiplexer1"
            },
            "tgt": {
                "port": "in",
                "process": "wiretap1"
            }
        },
        {
            "metadata": {
                "points": "325.9999990463257,61 369.9999985694885,61 369.9999985694885,172 397.99999809265137,172"
            },
            "src": {
                "port": "out2",
                "process": "12multiplexer1"
            },
            "tgt": {
                "port": "attributes",
                "process": "gate1"
            }
        },
        {
            "metadata": {
                "points": "325.9999990463257,172 353.9999985694885,172 353.9999985694885,190 397.99999809265137,190"
            },
            "src": {
                "port": "outFilename",
                "process": "writefile1"
            },
            "tgt": {
                "port": "data",
                "process": "gate1"
            }
        },
        {
            "metadata": {
                "points": "526.9999980926514,172 554.9999976158142,172 554.9999976158142,112 582.999997138977,112"
            },
            "src": {
                "port": "trigger",
                "process": "gate1"
            },
            "tgt": {
                "port": "stop",
                "process": "graphterminator1"
            }
        }
    ],
    "inports": {},
    "outports": {}
}