{
    "properties": {},
    "description": "Download Topics",
    "processes": {
        "betarunhanasql1": {
            "component": "com.sap.hana.runSQL",
            "metadata": {
                "label": "SELECT TOPICS",
                "x": 132,
                "y": 268,
                "height": 80,
                "width": 120,
                "config": {
                    "configMode": "Static (from configuration)",
                    "connection": {
                        "configurationType": "Configuration Manager",
                        "connectionID": "EU_HANA"
                    },
                    "transactionLevel": "Per statement",
                    "sql": "SELECT * FROM DIPROJECTS.TOPICS"
                }
            }
        },
        "python3operator1": {
            "component": "com.sap.system.python3Operator",
            "metadata": {
                "label": "table to list",
                "x": 375,
                "y": 268,
                "height": 80,
                "width": 120,
                "extensible": true,
                "config": {
                    "script": "\n\ndef on_input(data):\n\n    #list = [ r[0] for r in data.body]\n    #list_str = '\\n'.join(list)\n    csv_str = ''\n    for r in data.body :\n        csv_str += ','.join(str(e) for e in r) + '\\n'\n    msg = api.Message(attributes={'content':'list'},body = csv_str)\n\n    api.send(\"output\", msg)\n\napi.set_port_callback(\"input\", on_input)\n\n\n"
                },
                "additionalinports": [
                    {
                        "name": "input",
                        "type": "message.table"
                    }
                ],
                "additionaloutports": [
                    {
                        "name": "output",
                        "type": "message"
                    }
                ]
            }
        },
        "writefile1": {
            "component": "com.sap.storage.write",
            "metadata": {
                "label": "Write File",
                "x": 588,
                "y": 268,
                "height": 80,
                "width": 120,
                "config": {
                    "path": "/vrep/tmp/topics.csv",
                    "mode": "create"
                }
            }
        },
        "graphterminator1": {
            "component": "com.sap.util.graphTerminator",
            "metadata": {
                "label": "Graph Terminator",
                "x": 765,
                "y": 268,
                "height": 80,
                "width": 120,
                "config": {}
            }
        }
    },
    "groups": [],
    "connections": [
        {
            "metadata": {
                "points": "256,299 313,299 313,308 370,308"
            },
            "src": {
                "port": "success",
                "process": "betarunhanasql1"
            },
            "tgt": {
                "port": "input",
                "process": "python3operator1"
            }
        },
        {
            "metadata": {
                "points": "499,308 583,308"
            },
            "src": {
                "port": "output",
                "process": "python3operator1"
            },
            "tgt": {
                "port": "inFile",
                "process": "writefile1"
            }
        },
        {
            "metadata": {
                "points": "712,308 760,308"
            },
            "src": {
                "port": "outFilename",
                "process": "writefile1"
            },
            "tgt": {
                "port": "stop",
                "process": "graphterminator1"
            }
        }
    ],
    "inports": {},
    "outports": {}
}