{
    "description": "scrapy",
    "component": "com.sap.system.python3Operator",
    "inports": [
        {
            "name": "spider",
            "type": "message.file",
            "description": "spider.py file"
        },
        {
            "name": "pipelines",
            "type": "message.file",
            "description": "pipelines.py file"
        },
        {
            "name": "items",
            "type": "message.file",
            "description": "pipelines.py file"
        },
        {
            "name": "middlewares",
            "type": "message.file",
            "description": "middlewares.py file"
        },
        {
            "name": "settings",
            "type": "message.file",
            "description": "settings.py file"
        }
    ],
    "outports": [
        {
            "name": "log",
            "type": "string",
            "description": "logging"
        },
        {
            "name": "stderr",
            "type": "string",
            "description": "stderr"
        },
        {
            "name": "jsonstr",
            "type": "message.file",
            "description": "message with json string"
        },
        {
            "name": "data",
            "type": "message.dicts",
            "description": "data"
        }
    ],
    "config": {
        "$type": "http://sap.com/vflow/textanalysis.scrapy.configSchema.json",
        "script": "file://scapy.py",
        "debug_mode": true,
        "spider": "None",
        "scrapy_dir": "None",
        "project_dir": "None"
    },
    "tags": {
        "pandas": "",
        "sdi_utils": ""
    },
    "iconsrc": "Scrapy.svg"
}