{
    "description": "Filter today string",
    "component": "com.sap.system.python3Operator",
    "inports": [
        {
            "name": "input",
            "type": "message"
        }
    ],
    "outports": [
        {
            "name": "log",
            "type": "string"
        },
        {
            "name": "numfiles",
            "type": "int64"
        },
        {
            "name": "output",
            "type": "message"
        }
    ],
    "iconsrc": "filter_today.svg",
    "config": {
        "$type": "http://sap.com/vflow/sdi_utils_operators.filter_today.configSchema.json",
        "debug_mode": false,
        "script": "file://filter_today.py"
    },
    "tags": {
        "sdi_utils": ""
    }
}