{
    "properties": {},
    "description": "Word Indexing",
    "processes": {
        "readfile1": {
            "component": "com.sap.storage.read",
            "metadata": {
                "label": "Onlinemedia",
                "x": 17,
                "y": 159.49999952316284,
                "height": 80,
                "width": 120,
                "config": {
                    "service": "SDL",
                    "path": "/shared/onlinemedia_texts",
                    "pollPeriodInMs": "100000000"
                }
            }
        },
        "jsonstreamtodict1": {
            "component": "sdi_utils_operators.json_dict",
            "metadata": {
                "label": "JSON stream to dict",
                "x": 217.99999904632568,
                "y": 144.99999976158142,
                "height": 80,
                "width": 120,
                "extensible": true,
                "config": {
                    "debug_mode": true
                }
            }
        },
        "readfile2": {
            "component": "com.sap.storage.read",
            "metadata": {
                "label": "Blacklist",
                "x": 17,
                "y": 39.49999952316284,
                "height": 80,
                "width": 120,
                "config": {
                    "service": "SDL",
                    "path": "/shared/word_repositories/blacklist.txt",
                    "pollPeriodInMs": "1000000"
                }
            }
        },
        "linetoarray1": {
            "component": "sdi_utils_operators.line_array",
            "metadata": {
                "label": "Line to array",
                "x": 217.99999904632568,
                "y": 24.99999976158142,
                "height": 80,
                "width": 120,
                "extensible": true,
                "config": {
                    "lexicographical": true
                }
            }
        },
        "wiretap1": {
            "component": "com.sap.util.wiretap",
            "metadata": {
                "label": "Wiretap",
                "x": 1021.9999952316284,
                "y": 39.49999952316284,
                "height": 80,
                "width": 120,
                "ui": "dynpath",
                "config": {}
            }
        },
        "51multiplexer1": {
            "component": "com.sap.system.multiplexer.5-1",
            "metadata": {
                "label": "5:1 Multiplexer",
                "x": 836.9999961853027,
                "y": 12,
                "height": 118,
                "width": 120,
                "extensible": true,
                "config": {},
                "additionalinports": [
                    {
                        "name": "input1",
                        "type": "string"
                    }
                ]
            }
        },
        "saphanaclient1": {
            "component": "com.sap.hana.client2",
            "metadata": {
                "label": "SAP HANA Client",
                "x": 836.9999961853027,
                "y": 186.99999904632568,
                "height": 80,
                "width": 120,
                "config": {
                    "tableName": "\"DIPROJECTS\".\"WORD_INDEX2\"",
                    "tableColumns": [
                        {
                            "name": "HASH_TEXT",
                            "type": "BIGINT"
                        },
                        {
                            "name": "WORD",
                            "type": "NVARCHAR",
                            "size": 200
                        },
                        {
                            "name": "COUNT",
                            "type": "INTEGER"
                        }
                    ],
                    "inputFormat": "JSON",
                    "initTable": "Create",
                    "connection": {
                        "configurationType": "Configuration Manager",
                        "connectionID": "EU_HANA"
                    },
                    "insertMode": "INSERT"
                }
            }
        },
        "textcleansing1": {
            "component": "textanalysis.text_cleansing",
            "metadata": {
                "label": "Text Cleansing",
                "x": 418.99999809265137,
                "y": 107.99999952316284,
                "height": 80,
                "width": 120,
                "extensible": true,
                "config": {
                    "language": "None",
                    "mode": "P+NOUN"
                }
            }
        },
        "topicdispatcher1": {
            "component": "textanalysis.word_indexing",
            "metadata": {
                "label": "Word Indexing",
                "x": 603.999997138977,
                "y": 116.49999952316284,
                "height": 80,
                "width": 120,
                "extensible": true,
                "config": {}
            }
        },
        "gate2": {
            "component": "sdi_utils_operators.gate.count_gate",
            "metadata": {
                "label": "Gate",
                "x": 1021.9999952316284,
                "y": 159.49999952316284,
                "height": 80,
                "width": 120,
                "extensible": true,
                "config": {
                    "attribute": "storage.fileCount",
                    "limit": 1000000
                }
            }
        },
        "graphterminator1": {
            "component": "com.sap.util.graphTerminator",
            "metadata": {
                "label": "Graph Terminator",
                "x": 1206.999994277954,
                "y": 99.49999952316284,
                "height": 80,
                "width": 120,
                "config": {}
            }
        }
    },
    "groups": [],
    "connections": [
        {
            "metadata": {
                "points": "141,208.49999952316284 168.99999952316284,208.49999952316284 168.99999952316284,184.99999976158142 212.99999904632568,184.99999976158142"
            },
            "src": {
                "port": "outFile",
                "process": "readfile1"
            },
            "tgt": {
                "port": "stream",
                "process": "jsonstreamtodict1"
            }
        },
        {
            "metadata": {
                "points": "141,88.49999952316284 168.99999952316284,88.49999952316284 168.99999952316284,64.99999976158142 212.99999904632568,64.99999976158142"
            },
            "src": {
                "port": "outFile",
                "process": "readfile2"
            },
            "tgt": {
                "port": "stream",
                "process": "linetoarray1"
            }
        },
        {
            "metadata": {
                "points": "960.9999961853027,71 988.9999957084656,71 988.9999957084656,79.49999952316284 1016.9999952316284,79.49999952316284"
            },
            "src": {
                "port": "out1",
                "process": "51multiplexer1"
            },
            "tgt": {
                "port": "in",
                "process": "wiretap1"
            }
        },
        {
            "metadata": {
                "points": "341.9999990463257,55.99999976158142 369.9999985694885,55.99999976158142 369.9999985694885,62 570.9999976158142,62 570.9999976158142,53.5 755.9999966621399,53.5 755.9999966621399,26 831.9999961853027,26"
            },
            "src": {
                "port": "log",
                "process": "linetoarray1"
            },
            "tgt": {
                "port": "in1",
                "process": "51multiplexer1"
            }
        },
        {
            "metadata": {
                "points": "341.9999990463257,175.99999976158142 369.9999985694885,175.99999976158142 369.9999985694885,79 570.9999976158142,79 570.9999976158142,70.5 771.9999966621399,70.5 771.9999966621399,44 831.9999961853027,44"
            },
            "src": {
                "port": "log",
                "process": "jsonstreamtodict1"
            },
            "tgt": {
                "port": "in2",
                "process": "51multiplexer1"
            }
        },
        {
            "metadata": {
                "points": "341.9999990463257,73.99999976158142 385.9999985694885,73.99999976158142 385.9999985694885,138.99999952316284 413.99999809265137,138.99999952316284"
            },
            "src": {
                "port": "data",
                "process": "linetoarray1"
            },
            "tgt": {
                "port": "blacklist",
                "process": "textcleansing1"
            }
        },
        {
            "metadata": {
                "points": "341.9999990463257,193.99999976158142 385.9999985694885,193.99999976158142 385.9999985694885,156.99999952316284 413.99999809265137,156.99999952316284"
            },
            "src": {
                "port": "data",
                "process": "jsonstreamtodict1"
            },
            "tgt": {
                "port": "articles",
                "process": "textcleansing1"
            }
        },
        {
            "metadata": {
                "points": "542.9999980926514,156.99999952316284 570.9999976158142,156.99999952316284 570.9999976158142,156.49999952316284 598.999997138977,156.49999952316284"
            },
            "src": {
                "port": "data",
                "process": "textcleansing1"
            },
            "tgt": {
                "port": "articles",
                "process": "topicdispatcher1"
            }
        },
        {
            "metadata": {
                "points": "727.999997138977,165.49999952316284 771.9999966621399,165.49999952316284 771.9999966621399,235.99999904632568 831.9999961853027,235.99999904632568"
            },
            "src": {
                "port": "words",
                "process": "topicdispatcher1"
            },
            "tgt": {
                "port": "data",
                "process": "saphanaclient1"
            }
        },
        {
            "metadata": {
                "points": "542.9999980926514,138.99999952316284 570.9999976158142,138.99999952316284 570.9999976158142,87.5 787.9999966621399,87.5 787.9999966621399,62 831.9999961853027,62"
            },
            "src": {
                "port": "log",
                "process": "textcleansing1"
            },
            "tgt": {
                "port": "in3",
                "process": "51multiplexer1"
            }
        },
        {
            "metadata": {
                "points": "727.999997138977,147.49999952316284 803.9999966621399,147.49999952316284 803.9999966621399,80 831.9999961853027,80"
            },
            "src": {
                "port": "log",
                "process": "topicdispatcher1"
            },
            "tgt": {
                "port": "in4",
                "process": "51multiplexer1"
            }
        },
        {
            "metadata": {
                "points": "141,190.49999952316284 184.99999952316284,190.49999952316284 184.99999952316284,252.99999928474426 369.9999985694885,252.99999928474426 369.9999985694885,215.99999904632568 570.9999976158142,215.99999904632568 570.9999976158142,224.49999904632568 755.9999966621399,224.49999904632568 755.9999966621399,157.99999952316284 988.9999957084656,157.99999952316284 988.9999957084656,199.49999952316284 1016.9999952316284,199.49999952316284"
            },
            "src": {
                "port": "outFilename",
                "process": "readfile1"
            },
            "tgt": {
                "port": "attributes",
                "process": "gate2"
            }
        },
        {
            "metadata": {
                "points": "960.9999961853027,226.99999904632568 988.9999957084656,226.99999904632568 988.9999957084656,217.49999952316284 1016.9999952316284,217.49999952316284"
            },
            "src": {
                "port": "result",
                "process": "saphanaclient1"
            },
            "tgt": {
                "port": "data",
                "process": "gate2"
            }
        },
        {
            "metadata": {
                "points": "1145.9999952316284,199.49999952316284 1173.9999947547913,199.49999952316284 1173.9999947547913,139.49999952316284 1201.999994277954,139.49999952316284"
            },
            "src": {
                "port": "trigger",
                "process": "gate2"
            },
            "tgt": {
                "port": "stop",
                "process": "graphterminator1"
            }
        }
    ],
    "inports": {},
    "outports": {}
}