{
    "properties": {},
    "iconsrc": "metadata_articles.svg",
    "description": "Daily Metadata Articles",
    "processes": {
        "readfile1": {
            "component": "com.sap.storage.read",
            "metadata": {
                "label": "Read Files",
                "x": 402.99999809265137,
                "y": 104.99999976158142,
                "height": 80,
                "width": 120,
                "config": {
                    "service": "SDL",
                    "path": "/shared/onlinemedia_texts",
                    "pollPeriodInMs": "100000000"
                }
            }
        },
        "jsonstreamtodict1": {
            "component": "sdi_utils_operators.json_dict",
            "metadata": {
                "label": "JSON stream to dict",
                "x": 587.999997138977,
                "y": 104.99999976158142,
                "height": 80,
                "width": 120,
                "extensible": true,
                "config": {
                    "debug_mode": true,
                    "collect": false
                }
            }
        },
        "wiretap1": {
            "component": "com.sap.util.wiretap",
            "metadata": {
                "label": "Wiretap",
                "x": 1544.9999923706055,
                "y": 82,
                "height": 80,
                "width": 120,
                "ui": "dynpath",
                "config": {}
            }
        },
        "51multiplexer1": {
            "component": "com.sap.system.multiplexer.5-1",
            "metadata": {
                "label": "5:1 Multiplexer",
                "x": 1359.9999933242798,
                "y": 12,
                "height": 100,
                "width": 120,
                "extensible": true,
                "config": {}
            }
        },
        "gate1": {
            "component": "sdi_utils_operators.gate.count_gate",
            "metadata": {
                "label": "Gate",
                "x": 1158.999994277954,
                "y": 104.99999976158142,
                "height": 80,
                "width": 120,
                "extensible": true,
                "config": {
                    "limit": 100000000,
                    "attribute": "storage.fileCount",
                    "debug_mode": true
                }
            }
        },
        "graphterminator1": {
            "component": "com.sap.util.graphTerminator",
            "metadata": {
                "label": "Graph Terminator",
                "x": 1359.9999933242798,
                "y": 152,
                "height": 80,
                "width": 120,
                "config": {}
            }
        },
        "metadataarticles1": {
            "component": "textanalysis.metadata_articles",
            "metadata": {
                "label": "Metadata Articles",
                "x": 772.9999961853027,
                "y": 113.49999976158142,
                "height": 80,
                "width": 120,
                "extensible": true,
                "config": {}
            }
        },
        "readfile2": {
            "component": "com.sap.storage.read",
            "metadata": {
                "label": "Read Onlinemedia Folder",
                "x": 17,
                "y": 82,
                "height": 80,
                "width": 120,
                "config": {
                    "service": "SDL",
                    "path": "/shared/onlinemedia_texts/",
                    "pollPeriodInMs": "100000000"
                }
            }
        },
        "filtertodaystring1": {
            "component": "sdi_utils_operators.filter_today",
            "metadata": {
                "label": "Filter today string",
                "x": 201.99999904632568,
                "y": 82,
                "height": 80,
                "width": 120,
                "extensible": true,
                "config": {
                    "debug_mode": true
                }
            }
        },
        "betawritehanatable1": {
            "component": "com.sap.hana.writeTable",
            "metadata": {
                "label": "[BETA] Write HANA Table",
                "x": 948,
                "y": 117,
                "height": 80,
                "width": 120,
                "config": {
                    "connection": {
                        "configurationType": "Configuration Manager",
                        "connectionID": "EU_HANA"
                    },
                    "configMode": "Static (from configuration)",
                    "tableName": "ARTICLES_METADATA"
                }
            }
        }
    },
    "groups": [],
    "connections": [
        {
            "metadata": {
                "points": "711.999997138977,135.99999976158142 739.9999966621399,135.99999976158142 739.9999966621399,84.50000023841858 1109.9999947547913,84.50000023841858 1109.9999947547913,76.00000023841858 1310.999993801117,76.00000023841858 1310.999993801117,26 1354.9999933242798,26"
            },
            "src": {
                "port": "log",
                "process": "jsonstreamtodict1"
            },
            "tgt": {
                "port": "in1",
                "process": "51multiplexer1"
            }
        },
        {
            "metadata": {
                "points": "1483.9999933242798,62 1511.9999928474426,62 1511.9999928474426,122 1539.9999923706055,122"
            },
            "src": {
                "port": "out1",
                "process": "51multiplexer1"
            },
            "tgt": {
                "port": "in",
                "process": "wiretap1"
            }
        },
        {
            "metadata": {
                "points": "1282.999994277954,144.99999976158142 1310.999993801117,144.99999976158142 1310.999993801117,192 1354.9999933242798,192"
            },
            "src": {
                "port": "trigger",
                "process": "gate1"
            },
            "tgt": {
                "port": "stop",
                "process": "graphterminator1"
            }
        },
        {
            "metadata": {
                "points": "1282.999994277954,126.99999976158142 1310.999993801117,126.99999976158142 1310.999993801117,98 1354.9999933242798,98"
            },
            "src": {
                "port": "log",
                "process": "gate1"
            },
            "tgt": {
                "port": "in5",
                "process": "51multiplexer1"
            }
        },
        {
            "metadata": {
                "points": "711.999997138977,153.99999976158142 739.9999966621399,153.99999976158142 739.9999966621399,153.49999976158142 767.9999961853027,153.49999976158142"
            },
            "src": {
                "port": "data",
                "process": "jsonstreamtodict1"
            },
            "tgt": {
                "port": "articles",
                "process": "metadataarticles1"
            }
        },
        {
            "metadata": {
                "points": "526.9999980926514,153.99999976158142 554.9999976158142,153.99999976158142 554.9999976158142,144.99999976158142 582.999997138977,144.99999976158142"
            },
            "src": {
                "port": "outFile",
                "process": "readfile1"
            },
            "tgt": {
                "port": "stream",
                "process": "jsonstreamtodict1"
            }
        },
        {
            "metadata": {
                "points": "141,113 168.99999952316284,113 168.99999952316284,122 196.99999904632568,122"
            },
            "src": {
                "port": "outFilename",
                "process": "readfile2"
            },
            "tgt": {
                "port": "input",
                "process": "filtertodaystring1"
            }
        },
        {
            "metadata": {
                "points": "325.9999990463257,140 353.9999985694885,140 353.9999985694885,144.99999976158142 397.99999809265137,144.99999976158142"
            },
            "src": {
                "port": "output",
                "process": "filtertodaystring1"
            },
            "tgt": {
                "port": "inPath",
                "process": "readfile1"
            }
        },
        {
            "metadata": {
                "points": "325.9999990463257,122 369.9999985694885,122 369.9999985694885,76.00000023841858 739.9999966621399,76.00000023841858 739.9999966621399,67.50000023841858 1125.9999947547913,67.50000023841858 1125.9999947547913,126.99999976158142 1153.999994277954,126.99999976158142"
            },
            "src": {
                "port": "numfiles",
                "process": "filtertodaystring1"
            },
            "tgt": {
                "port": "limit",
                "process": "gate1"
            }
        },
        {
            "metadata": {
                "points": "325.9999990463257,104 353.9999985694885,104 353.9999985694885,59.00000023841858 739.9999966621399,59.00000023841858 739.9999966621399,50.50000023841858 1109.9999947547913,50.50000023841858 1109.9999947547913,59.00000023841858 1326.999993801117,59.00000023841858 1326.999993801117,44 1354.9999933242798,44"
            },
            "src": {
                "port": "log",
                "process": "filtertodaystring1"
            },
            "tgt": {
                "port": "in2",
                "process": "51multiplexer1"
            }
        },
        {
            "metadata": {
                "points": "896.9999961853027,153.49999976158142 920,153.5 920,157 943,157"
            },
            "src": {
                "port": "table",
                "process": "metadataarticles1"
            },
            "tgt": {
                "port": "input",
                "process": "betawritehanatable1"
            }
        },
        {
            "metadata": {
                "points": "1072,148 1113,148 1113,163 1153.999994277954,162.99999976158142"
            },
            "src": {
                "port": "success",
                "process": "betawritehanatable1"
            },
            "tgt": {
                "port": "data",
                "process": "gate1"
            }
        }
    ],
    "inports": {},
    "outports": {}
}