{
    "properties": {},
    "description": "LDATopic Frequency",
    "processes": {
        "betarunhanasql1": {
            "component": "com.sap.hana.runSQL",
            "metadata": {
                "label": "Read Topics",
                "x": 17,
                "y": 72,
                "height": 80,
                "width": 120,
                "config": {
                    "connection": {
                        "configurationType": "Configuration Manager",
                        "connectionID": "EU_HANA"
                    },
                    "configMode": "Static (from configuration)",
                    "sql": "SELECT * FROM DIPROJECTS.TOPICS WHERE \"TYPE\"='LDA'"
                }
            }
        },
        "betarunhanasql2": {
            "component": "com.sap.hana.runSQL",
            "metadata": {
                "label": "Selection of WORD2_INDEX",
                "x": 386.99999809265137,
                "y": 86.49999976158142,
                "height": 80,
                "width": 120,
                "config": {
                    "connection": {
                        "configurationType": "Configuration Manager",
                        "connectionID": "EU_HANA"
                    },
                    "configMode": "Dynamic (from input)"
                }
            }
        },
        "wiretap1": {
            "component": "com.sap.util.wiretap",
            "metadata": {
                "label": "Wiretap",
                "x": 925.9999961853027,
                "y": 12,
                "height": 80,
                "width": 120,
                "ui": "dynpath",
                "config": {}
            }
        },
        "topicfrequency1": {
            "component": "textanalysis.topic_frequency",
            "metadata": {
                "label": "Topic Frequency",
                "x": 571.999997138977,
                "y": 86.49999976158142,
                "height": 80,
                "width": 120,
                "extensible": true,
                "config": {
                    "tolerance": 0.6,
                    "debug_mode": true
                }
            }
        },
        "saphanaclient1": {
            "component": "com.sap.hana.client2",
            "metadata": {
                "label": "SAP HANA Client",
                "x": 756.9999961853027,
                "y": 132,
                "height": 80,
                "width": 120,
                "config": {
                    "connection": {
                        "configurationType": "Configuration Manager",
                        "connectionID": "EU_HANA"
                    },
                    "inputFormat": "JSON",
                    "tableColumns": [
                        {
                            "name": "HASH_TEXT",
                            "type": "BIGINT"
                        },
                        {
                            "name": "TOPIC",
                            "type": "NVARCHAR",
                            "size": 80
                        },
                        {
                            "name": "COUNT",
                            "type": "INTEGER"
                        },
                        {
                            "name": "MIN_NUM",
                            "type": "INTEGER"
                        }
                    ],
                    "tableName": "\"DIPROJECTS\".\"TOPIC_INDEX\"",
                    "initTable": "Truncate",
                    "insertMode": "INSERT"
                }
            }
        },
        "graphterminator1": {
            "component": "com.sap.util.graphTerminator",
            "metadata": {
                "label": "Graph Terminator",
                "x": 925.9999961853027,
                "y": 132,
                "height": 80,
                "width": 120,
                "config": {}
            }
        },
        "topicdispatcher1": {
            "component": "textanalysis.topic_dispatcher",
            "metadata": {
                "label": "Topic dispatcher",
                "x": 201.99999904632568,
                "y": 72,
                "height": 80,
                "width": 120,
                "extensible": true,
                "config": {
                    "topic_table": "DIPROJECTS.WORD_INDEX2"
                }
            }
        },
        "21multiplexer1": {
            "component": "com.sap.system.multiplexer.2-1",
            "metadata": {
                "label": "2:1 Multiplexer",
                "x": 756.9999961853027,
                "y": 12,
                "height": 80,
                "width": 120,
                "extensible": true,
                "config": {}
            }
        }
    },
    "groups": [],
    "connections": [
        {
            "metadata": {
                "points": "510.99999809265137,117.49999976158142 538.9999976158142,117.49999976158142 538.9999976158142,126.49999976158142 566.999997138977,126.49999976158142"
            },
            "src": {
                "port": "success",
                "process": "betarunhanasql2"
            },
            "tgt": {
                "port": "db",
                "process": "topicfrequency1"
            }
        },
        {
            "metadata": {
                "points": "695.999997138977,135.49999976158142 723.9999966621399,135.49999976158142 723.9999966621399,181 751.9999961853027,181"
            },
            "src": {
                "port": "data",
                "process": "topicfrequency1"
            },
            "tgt": {
                "port": "data",
                "process": "saphanaclient1"
            }
        },
        {
            "metadata": {
                "points": "880.9999961853027,172 920.9999961853027,172"
            },
            "src": {
                "port": "result",
                "process": "saphanaclient1"
            },
            "tgt": {
                "port": "stop",
                "process": "graphterminator1"
            }
        },
        {
            "metadata": {
                "points": "141,103 168.99999952316284,103 168.99999952316284,112 196.99999904632568,112"
            },
            "src": {
                "port": "success",
                "process": "betarunhanasql1"
            },
            "tgt": {
                "port": "topic",
                "process": "topicdispatcher1"
            }
        },
        {
            "metadata": {
                "points": "325.9999990463257,121 353.9999985694885,121 353.9999985694885,126.49999976158142 381.99999809265137,126.49999976158142"
            },
            "src": {
                "port": "sql",
                "process": "topicdispatcher1"
            },
            "tgt": {
                "port": "input",
                "process": "betarunhanasql2"
            }
        },
        {
            "metadata": {
                "points": "325.9999990463257,103 353.9999985694885,103 353.9999985694885,57.50000023841858 723.9999966621399,57.50000023841858 723.9999966621399,43 751.9999961853027,43"
            },
            "src": {
                "port": "log",
                "process": "topicdispatcher1"
            },
            "tgt": {
                "port": "in1",
                "process": "21multiplexer1"
            }
        },
        {
            "metadata": {
                "points": "695.999997138977,117.49999976158142 723.9999966621399,117.49999976158142 723.9999966621399,61 751.9999961853027,61"
            },
            "src": {
                "port": "log",
                "process": "topicfrequency1"
            },
            "tgt": {
                "port": "in2",
                "process": "21multiplexer1"
            }
        },
        {
            "metadata": {
                "points": "880.9999961853027,52 920.9999961853027,52"
            },
            "src": {
                "port": "out1",
                "process": "21multiplexer1"
            },
            "tgt": {
                "port": "in",
                "process": "wiretap1"
            }
        }
    ],
    "inports": {},
    "outports": {}
}