{
    "description": "Line to array",
    "component": "com.sap.system.python3Operator",
    "inports": [
        {
            "name": "stream",
            "type": "message"
        }
    ],
    "outports": [
        {
            "name": "log",
            "type": "string"
        },
        {
            "name": "data",
            "type": "message.list"
        }
    ],
    "iconsrc": "line_array.svg",
    "config": {
        "$type": "http://sap.com/vflow/sdi_utils_operators.line_array.configSchema.json",
        "collect": true,
        "debug_mode": true,
        "lexicographical": true,
        "script": "file://line_array.py"
    },
    "tags": {
        "sdi_utils": ""
    }
}