{
    "description": "Word Extraction",
    "component": "com.sap.system.python3Operator",
    "inports": [
        {
            "name": "blacklist",
            "type": "message.list"
        },
        {
            "name": "keywords",
            "type": "message.list"
        },
        {
            "name": "lexicon",
            "type": "message.table"
        },
        {
            "name": "articles",
            "type": "message.dicts"
        }
    ],
    "outports": [
        {
            "name": "log",
            "type": "string"
        },
        {
            "name": "data",
            "type": "message.table"
        }
    ],
    "iconsrc": "textcleansing.svg",
    "config": {
        "$type": "http://sap.com/vflow/textanalysis.word_extraction.configSchema.json",
        "debug_mode": true,
        "language": "None",
        "max_word_len": 80,
        "min_word_len": 3,
        "mode": "PN",
        "script": "file://word_extraction.py",
        "use_blacklist": true
    },
    "tags": {
        "sdi_utils": "",
        "spacy": ""
    }
}