{
    "properties": {},
    "description": "EEA Air Pollution Data",
    "processes": {
        "fromcsvtodataframe1": {
            "component": "sdi_pandas.fromCSV",
            "metadata": {
                "label": "From CSV to DataFrame",
                "x": 212.99999904632568,
                "y": 86.49999976158142,
                "height": 80,
                "width": 120,
                "extensible": true,
                "config": {
                    "separator": ",",
                    "use_columns": "network_countrycode, pollutant, samplingpoint_x, samplingpoint_y, coordsys, station_altitude,value_datetime_end, value_numeric ",
                    "todatetime": "'value_datetime_end':'%Y-%m-%d %H:%M:%S'",
                    "collect": false,
                    "downcast_float": true
                }
            }
        },
        "tocsvfromdataframe1": {
            "component": "sdi_pandas.toCSV",
            "metadata": {
                "label": "To CSV from DataFrame",
                "x": 582.999997138977,
                "y": 103.49999976158142,
                "height": 80,
                "width": 120,
                "extensible": true,
                "config": {
                    "keyword_args": "date_format='%Y-%m-%d %H:%M:%S'"
                }
            }
        },
        "51multiplexer1": {
            "component": "com.sap.system.multiplexer.5-1",
            "metadata": {
                "label": "5:1 Multiplexer",
                "x": 1332.999994277954,
                "y": 62,
                "height": 100,
                "width": 120,
                "extensible": true,
                "config": {}
            }
        },
        "wiretap1": {
            "component": "com.sap.util.wiretap",
            "metadata": {
                "label": "Wiretap",
                "x": 1501.999994277954,
                "y": 72,
                "height": 80,
                "width": 120,
                "ui": "dynpath",
                "config": {}
            }
        },
        "writefile1": {
            "component": "com.sap.storage.write",
            "metadata": {
                "label": "Write File",
                "x": 1785.9999933242798,
                "y": 72,
                "height": 80,
                "width": 120,
                "config": {
                    "service": "SDL",
                    "mode": "overwrite",
                    "path": "/shared/EAA_AirPollution/log.log"
                }
            }
        },
        "tomessageconverter1": {
            "component": "com.sap.util.toMessageConverter",
            "metadata": {
                "label": "ToMessage Converter",
                "x": 1686.9999933242798,
                "y": 87,
                "height": 50,
                "width": 50,
                "config": {}
            }
        },
        "saphanaclient1": {
            "component": "com.sap.hana.client2",
            "metadata": {
                "label": "SAP HANA Client",
                "x": 930.9999952316284,
                "y": 111.99999976158142,
                "height": 80,
                "width": 120,
                "config": {
                    "connection": {
                        "configurationType": "Configuration Manager",
                        "connectionID": "EU_HANA"
                    },
                    "tableColumns": [
                        {
                            "name": "country_code",
                            "type": "VARCHAR",
                            "size": 2
                        },
                        {
                            "name": "pollutant",
                            "type": "VARCHAR",
                            "size": 10
                        },
                        {
                            "name": "x",
                            "type": "DOUBLE"
                        },
                        {
                            "name": " y",
                            "type": "DOUBLE"
                        },
                        {
                            "name": "coordsys",
                            "type": "VARCHAR",
                            "size": 10
                        },
                        {
                            "name": "datetime",
                            "type": "TIMESTAMP"
                        },
                        {
                            "name": " value",
                            "type": "DOUBLE"
                        },
                        {
                            "name": "altitude",
                            "type": "DOUBLE"
                        }
                    ],
                    "tableName": "EAA_POLLUTION",
                    "csvComma": ";",
                    "csvQuote": "\"",
                    "csvHeader": "Ignore",
                    "initTable": "None"
                }
            }
        },
        "tomessageconverter2": {
            "component": "com.sap.util.toMessageConverter",
            "metadata": {
                "label": "ToMessage Converter",
                "x": 767.9999961853027,
                "y": 126.99999976158142,
                "height": 50,
                "width": 50,
                "config": {}
            }
        },
        "downloadairpollutiondatafromeea2": {
            "component": "eea_airpollution.EEA_pollution_getdata",
            "metadata": {
                "label": "Download Air Pollution Data from EEA",
                "x": 12,
                "y": 132,
                "height": 80,
                "width": 120,
                "extensible": true,
                "config": {
                    "country_codes": "AT",
                    "pollutants": "PM2.5, NO2"
                }
            }
        },
        "dropcolumns2": {
            "component": "sdi_pandas.dropColumns",
            "metadata": {
                "label": "Rename Columns",
                "x": 397.99999809265137,
                "y": 94.99999976158142,
                "height": 80,
                "width": 120,
                "extensible": true,
                "config": {
                    "rename_columns": "network_countrycode:country_code, samplingpoint_x:x, samplingpoint_y:y, station_altitude:altitude,value_datetime_end:datetime, value_numeric:value "
                }
            }
        },
        "python3operator2": {
            "component": "com.sap.system.python3Operator",
            "metadata": {
                "label": "Python3 Operator",
                "x": 14,
                "y": 12,
                "height": 80,
                "width": 120,
                "extensible": true,
                "config": {}
            }
        },
        "hanaclientoutputcounter1": {
            "component": "HanaClientOutputCounter",
            "metadata": {
                "label": "HanaClientOutputCounter",
                "x": 1099.9999952316284,
                "y": 111.99999976158142,
                "height": 80,
                "width": 120,
                "extensible": true,
                "config": {
                    "script": "counter = 0\n\ndef on_input(data):\n    \n    global counter\n    counter += 1\n    output_str = '{} ; Counter: {}'.format(data.attributes,counter)\n    api.send(\"output\", output_str)\n\napi.set_port_callback(\"input\", on_input)"
                }
            }
        }
    },
    "groups": [],
    "connections": [
        {
            "metadata": {
                "points": "336.9999990463257,117.49999976158142 364.9999985694885,117.49999976158142 364.9999985694885,66.00000023841858 549.9999976158142,66.00000023841858 549.9999976158142,57.50000023841858 734.9999966621399,57.50000023841858 734.9999966621399,64.00000023841858 865.9999957084656,64.00000023841858 865.9999957084656,49.00000023841858 1283.9999947547913,49.00000023841858 1283.9999947547913,94 1327.999994277954,94"
            },
            "src": {
                "port": "log",
                "process": "fromcsvtodataframe1"
            },
            "tgt": {
                "port": "in2",
                "process": "51multiplexer1"
            }
        },
        {
            "metadata": {
                "points": "706.999997138977,134.49999976158142 734.9999966621399,134.49999976158142 734.9999966621399,98.00000023841858 897.9999957084656,98.00000023841858 897.9999957084656,83.00000023841858 1251.9999947547913,83.00000023841858 1251.9999947547913,130 1327.999994277954,130"
            },
            "src": {
                "port": "log",
                "process": "tocsvfromdataframe1"
            },
            "tgt": {
                "port": "in4",
                "process": "51multiplexer1"
            }
        },
        {
            "metadata": {
                "points": "1456.999994277954,112 1496.999994277954,112"
            },
            "src": {
                "port": "out1",
                "process": "51multiplexer1"
            },
            "tgt": {
                "port": "in",
                "process": "wiretap1"
            }
        },
        {
            "metadata": {
                "points": "1625.999994277954,112 1653.999993801117,112 1653.999993801117,121 1681.9999933242798,121"
            },
            "src": {
                "port": "out",
                "process": "wiretap1"
            },
            "tgt": {
                "port": "instring",
                "process": "tomessageconverter1"
            }
        },
        {
            "metadata": {
                "points": "1740.9999933242798,112 1780.9999933242798,112"
            },
            "src": {
                "port": "out",
                "process": "tomessageconverter1"
            },
            "tgt": {
                "port": "inFile",
                "process": "writefile1"
            }
        },
        {
            "metadata": {
                "points": "706.999997138977,152.49999976158142 734.9999966621399,152.49999976158142 734.9999966621399,160.99999976158142 762.9999961853027,160.99999976158142"
            },
            "src": {
                "port": "csv",
                "process": "tocsvfromdataframe1"
            },
            "tgt": {
                "port": "instring",
                "process": "tomessageconverter2"
            }
        },
        {
            "metadata": {
                "points": "821.9999961853027,151.99999976158142 849.9999957084656,151.99999976158142 849.9999957084656,160.99999976158142 925.9999952316284,160.99999976158142"
            },
            "src": {
                "port": "out",
                "process": "tomessageconverter2"
            },
            "tgt": {
                "port": "data",
                "process": "saphanaclient1"
            }
        },
        {
            "metadata": {
                "points": "136,181 179.99999952316284,181 179.99999952316284,126.49999976158142 207.99999904632568,126.49999976158142"
            },
            "src": {
                "port": "csv",
                "process": "downloadairpollutiondatafromeea2"
            },
            "tgt": {
                "port": "csv",
                "process": "fromcsvtodataframe1"
            }
        },
        {
            "metadata": {
                "points": "136,163 163.99999952316284,163 163.99999952316284,57.50000023841858 364.9999985694885,57.50000023841858 364.9999985694885,49.00000023841858 549.9999976158142,49.00000023841858 549.9999976158142,40.50000023841858 734.9999966621399,40.50000023841858 734.9999966621399,47.00000023841858 849.9999957084656,47.00000023841858 849.9999957084656,32.00000023841858 1299.9999947547913,32.00000023841858 1299.9999947547913,76 1327.999994277954,76"
            },
            "src": {
                "port": "log",
                "process": "downloadairpollutiondatafromeea2"
            },
            "tgt": {
                "port": "in1",
                "process": "51multiplexer1"
            }
        },
        {
            "metadata": {
                "points": "336.9999990463257,135.49999976158142 364.9999985694885,135.49999976158142 364.9999985694885,134.99999976158142 392.99999809265137,134.99999976158142"
            },
            "src": {
                "port": "data",
                "process": "fromcsvtodataframe1"
            },
            "tgt": {
                "port": "data",
                "process": "dropcolumns2"
            }
        },
        {
            "metadata": {
                "points": "521.9999980926514,143.99999976158142 549.9999976158142,143.99999976158142 549.9999976158142,143.49999976158142 577.999997138977,143.49999976158142"
            },
            "src": {
                "port": "data",
                "process": "dropcolumns2"
            },
            "tgt": {
                "port": "data",
                "process": "tocsvfromdataframe1"
            }
        },
        {
            "metadata": {
                "points": "521.9999980926514,125.99999976158142 549.9999976158142,125.99999976158142 549.9999976158142,74.50000023841858 734.9999966621399,74.50000023841858 734.9999966621399,81.00000023841858 881.9999957084656,81.00000023841858 881.9999957084656,66.00000023841858 1267.9999947547913,66.00000023841858 1267.9999947547913,112 1327.999994277954,112"
            },
            "src": {
                "port": "log",
                "process": "dropcolumns2"
            },
            "tgt": {
                "port": "in3",
                "process": "51multiplexer1"
            }
        },
        {
            "metadata": {
                "points": "1054.9999952316284,151.99999976158142 1094.9999952316284,151.99999976158142"
            },
            "src": {
                "port": "result",
                "process": "saphanaclient1"
            },
            "tgt": {
                "port": "input",
                "process": "hanaclientoutputcounter1"
            }
        },
        {
            "metadata": {
                "points": "1223.9999952316284,151.99999976158142 1251.9999947547913,151.99999976158142 1251.9999947547913,148 1327.999994277954,148"
            },
            "src": {
                "port": "output",
                "process": "hanaclientoutputcounter1"
            },
            "tgt": {
                "port": "in5",
                "process": "51multiplexer1"
            }
        }
    ],
    "inports": {},
    "outports": {}
}