{
    "description": "Sentiment Analysis",
    "component": "com.sap.system.python3Operator",
    "inports": [
        {
            "name": "articles",
            "type": "message.dicts"
        }
    ],
    "outports": [
        {
            "name": "log",
            "type": "string"
        },
        {
            "name": "table",
            "type": "message.table"
        },
        {
            "name": "data",
            "type": "message"
        }
    ],
    "iconsrc": "sentiment.svg",
    "config": {
        "$type": "http://sap.com/vflow/textanalysis.sentiment_analysis.configSchema.json",
        "debug_mode": false,
        "script": "file://sentiment_analysis.py"
    },
    "tags": {
        "sdi_utils": "",
        "textblob": ""
    }
}