{
    "properties": {},
    "description": "Sentiment Analysis",
    "processes": {
        "readfile1": {
            "component": "com.sap.storage.read",
            "metadata": {
                "label": "Read File",
                "x": 17,
                "y": 86.49999976158142,
                "height": 80,
                "width": 120,
                "config": {
                    "service": "SDL",
                    "path": "/shared/onlinemedia_texts",
                    "pollPeriodInMs": "10000000",
                    "pattern": ".*json"
                }
            }
        },
        "jsonstreamtodict1": {
            "component": "sdi_utils_operators.json_dict",
            "metadata": {
                "label": "JSON stream to dict",
                "x": 201.99999904632568,
                "y": 100.99999952316284,
                "height": 80,
                "width": 120,
                "extensible": true,
                "config": {
                    "debug_mode": true
                }
            }
        },
        "gate1": {
            "component": "sdi_utils_operators.gate.count_gate",
            "metadata": {
                "label": "Gate",
                "x": 788.9999961853027,
                "y": 146.49999976158142,
                "height": 80,
                "width": 120,
                "extensible": true,
                "config": {
                    "attribute": "storage.fileCount",
                    "limit": 10000
                }
            }
        },
        "graphterminator1": {
            "component": "com.sap.util.graphTerminator",
            "metadata": {
                "label": "Graph Terminator",
                "x": 973.9999952316284,
                "y": 86.49999976158142,
                "height": 80,
                "width": 120,
                "config": {}
            }
        },
        "21multiplexer1": {
            "component": "com.sap.system.multiplexer.2-1",
            "metadata": {
                "label": "2:1 Multiplexer",
                "x": 587.999997138977,
                "y": 40.99999952316284,
                "height": 80,
                "width": 120,
                "extensible": true,
                "config": {},
                "additionalinports": [
                    {
                        "name": "input1",
                        "type": "string"
                    }
                ]
            }
        },
        "wiretap1": {
            "component": "com.sap.util.wiretap",
            "metadata": {
                "label": "Wiretap",
                "x": 788.9999961853027,
                "y": 26.49999976158142,
                "height": 80,
                "width": 120,
                "ui": "dynpath",
                "config": {}
            }
        },
        "sentimentanalysis1": {
            "component": "textanalysis.sentiment_analysis",
            "metadata": {
                "label": "Sentiment Analysis",
                "x": 386.99999809265137,
                "y": 109.49999952316284,
                "height": 80,
                "width": 120,
                "extensible": true,
                "config": {}
            }
        },
        "betawritehanatable1": {
            "component": "com.sap.hana.writeTable",
            "metadata": {
                "label": "SENTIMENTS",
                "x": 587.999997138977,
                "y": 160.99999952316284,
                "height": 80,
                "width": 120,
                "config": {
                    "configMode": "Static (from configuration)",
                    "tableName": "SENTIMENTS",
                    "connection": {
                        "configurationType": "Configuration Manager",
                        "connectionID": "EU_HANA"
                    },
                    "statementType": "UPSERT"
                }
            }
        }
    },
    "groups": [],
    "connections": [
        {
            "metadata": {
                "points": "141,135.49999976158142 168.99999952316284,135.49999976158142 168.99999952316284,140.99999952316284 196.99999904632568,140.99999952316284"
            },
            "src": {
                "port": "outFile",
                "process": "readfile1"
            },
            "tgt": {
                "port": "stream",
                "process": "jsonstreamtodict1"
            }
        },
        {
            "metadata": {
                "points": "141,117.49999976158142 168.99999952316284,117.49999976158142 168.99999952316284,72 353.9999985694885,72 353.9999985694885,63.5 538.9999976158142,63.5 538.9999976158142,12 755.9999966621399,12 755.9999966621399,186.49999976158142 783.9999961853027,186.49999976158142"
            },
            "src": {
                "port": "outFilename",
                "process": "readfile1"
            },
            "tgt": {
                "port": "attributes",
                "process": "gate1"
            }
        },
        {
            "metadata": {
                "points": "912.9999961853027,186.49999976158142 940.9999957084656,186.49999976158142 940.9999957084656,126.49999976158142 968.9999952316284,126.49999976158142"
            },
            "src": {
                "port": "trigger",
                "process": "gate1"
            },
            "tgt": {
                "port": "stop",
                "process": "graphterminator1"
            }
        },
        {
            "metadata": {
                "points": "325.9999990463257,131.99999952316284 353.9999985694885,131.99999952316284 353.9999985694885,80.5 554.9999976158142,80.5 554.9999976158142,62.99999952316284 582.999997138977,62.99999952316284"
            },
            "src": {
                "port": "log",
                "process": "jsonstreamtodict1"
            },
            "tgt": {
                "port": "in1",
                "process": "21multiplexer1"
            }
        },
        {
            "metadata": {
                "points": "711.999997138977,80.99999952316284 739.9999966621399,80.99999952316284 739.9999966621399,66.49999976158142 783.9999961853027,66.49999976158142"
            },
            "src": {
                "port": "out1",
                "process": "21multiplexer1"
            },
            "tgt": {
                "port": "in",
                "process": "wiretap1"
            }
        },
        {
            "metadata": {
                "points": "325.9999990463257,149.99999952316284 353.9999985694885,149.99999952316284 353.9999985694885,149.49999952316284 381.99999809265137,149.49999952316284"
            },
            "src": {
                "port": "data",
                "process": "jsonstreamtodict1"
            },
            "tgt": {
                "port": "articles",
                "process": "sentimentanalysis1"
            }
        },
        {
            "metadata": {
                "points": "510.99999809265137,131.49999952316284 538.9999976158142,131.49999952316284 538.9999976158142,98.99999952316284 582.999997138977,98.99999952316284"
            },
            "src": {
                "port": "log",
                "process": "sentimentanalysis1"
            },
            "tgt": {
                "port": "input1",
                "process": "21multiplexer1"
            }
        },
        {
            "metadata": {
                "points": "510.99999809265137,149.49999952316284 538.9999976158142,149.49999952316284 538.9999976158142,200.99999952316284 582.999997138977,200.99999952316284"
            },
            "src": {
                "port": "table",
                "process": "sentimentanalysis1"
            },
            "tgt": {
                "port": "input",
                "process": "betawritehanatable1"
            }
        },
        {
            "metadata": {
                "points": "711.999997138977,191.99999952316284 739.9999966621399,191.99999952316284 739.9999966621399,204.49999976158142 783.9999961853027,204.49999976158142"
            },
            "src": {
                "port": "success",
                "process": "betawritehanatable1"
            },
            "tgt": {
                "port": "data",
                "process": "gate1"
            }
        }
    ],
    "inports": {},
    "outports": {}
}