{
    "description": "Topic Identification",
    "component": "com.sap.system.python3Operator",
    "inports": [
        {
            "name": "words",
            "type": "message.table"
        }
    ],
    "outports": [
        {
            "name": "log",
            "type": "string"
        },
        {
            "name": "sql",
            "type": "message.table"
        }
    ],
    "iconsrc": "topic_identification.svg",
    "config": {
        "$type": "http://sap.com/vflow/textanalysis.topic_identification.configSchema.json",
        "debug_mode": false,
        "language_filter": "None",
        "num_topics": 20,
        "script": "file://topic_identification.py",
        "topic_num_words": 10,
        "word_type_filter": "P"
    },
    "tags": {
        "pandas": "",
        "sdi_utils": "",
        "sklearn": ""
    }
}