{
    "properties": {},
    "iconsrc": "metadata_articles.svg",
    "description": "DailyMetadata Articles 3",
    "processes": {
        "readfile1": {
            "component": "com.sap.storage.read",
            "metadata": {
                "label": "Read Files",
                "x": 386.99999809265137,
                "y": 49.49999952316284,
                "height": 80,
                "width": 120,
                "config": {
                    "service": "SDL",
                    "path": "/shared/onlinemedia_texts",
                    "pollPeriodInMs": "100000000"
                }
            }
        },
        "jsonstreamtodict1": {
            "component": "sdi_utils_operators.json_dict",
            "metadata": {
                "label": "JSON stream to dict",
                "x": 571.999997138977,
                "y": 49.49999952316284,
                "height": 80,
                "width": 120,
                "extensible": true,
                "config": {
                    "debug_mode": true,
                    "collect": false
                }
            }
        },
        "wiretap1": {
            "component": "com.sap.util.wiretap",
            "metadata": {
                "label": "Wiretap",
                "x": 1442.9999933242798,
                "y": 34.99999976158142,
                "height": 80,
                "width": 120,
                "ui": "dynpath",
                "config": {}
            }
        },
        "51multiplexer1": {
            "component": "com.sap.system.multiplexer.5-1",
            "metadata": {
                "label": "5:1 Multiplexer",
                "x": 1273.9999933242798,
                "y": 24.99999976158142,
                "height": 100,
                "width": 120,
                "extensible": true,
                "config": {}
            }
        },
        "metadataarticles1": {
            "component": "textanalysis.metadata_articles",
            "metadata": {
                "label": "Metadata Articles",
                "x": 756.9999961853027,
                "y": 57.99999952316284,
                "height": 80,
                "width": 120,
                "extensible": true,
                "config": {}
            }
        },
        "readfile2": {
            "component": "com.sap.storage.read",
            "metadata": {
                "label": "Read Onlinemedia Folder",
                "x": 17,
                "y": 34.99999976158142,
                "height": 80,
                "width": 120,
                "config": {
                    "service": "SDL",
                    "path": "/shared/onlinemedia_texts/",
                    "pollPeriodInMs": "100000000"
                }
            }
        },
        "filtertodaystring1": {
            "component": "sdi_utils_operators.filter_today",
            "metadata": {
                "label": "Filter today string",
                "x": 201.99999904632568,
                "y": 34.99999976158142,
                "height": 80,
                "width": 120,
                "extensible": true,
                "config": {
                    "debug_mode": true
                }
            }
        },
        "tostringconverter1": {
            "component": "com.sap.util.toStringConverter",
            "metadata": {
                "label": "ToString Converter",
                "x": 1142.999994277954,
                "y": 72.99999952316284,
                "height": 50,
                "width": 50,
                "config": {}
            }
        },
        "betawritehanatable1": {
            "component": "com.sap.hana.writeTable",
            "metadata": {
                "label": "[BETA] Write HANA Table",
                "x": 942,
                "y": 62,
                "height": 80,
                "width": 120,
                "config": {
                    "connection": {
                        "configurationType": "Configuration Manager",
                        "connectionID": "EU_HANA"
                    },
                    "configMode": "Static (from configuration)",
                    "statementType": "INSERT",
                    "tableName": "ARTICLES_METADATA"
                }
            }
        }
    },
    "groups": [],
    "connections": [
        {
            "metadata": {
                "points": "695.999997138977,80.49999952316284 723.9999966621399,80.49999952316284 723.9999966621399,29 1093.9999947547913,29 1093.9999947547913,44 1224.999993801117,44 1224.999993801117,38.99999976158142 1268.9999933242798,38.99999976158142"
            },
            "src": {
                "port": "log",
                "process": "jsonstreamtodict1"
            },
            "tgt": {
                "port": "in1",
                "process": "51multiplexer1"
            }
        },
        {
            "metadata": {
                "points": "1397.9999933242798,74.99999976158142 1437.9999933242798,74.99999976158142"
            },
            "src": {
                "port": "out1",
                "process": "51multiplexer1"
            },
            "tgt": {
                "port": "in",
                "process": "wiretap1"
            }
        },
        {
            "metadata": {
                "points": "695.999997138977,98.49999952316284 723.9999966621399,98.49999952316284 723.9999966621399,97.99999952316284 751.9999961853027,97.99999952316284"
            },
            "src": {
                "port": "data",
                "process": "jsonstreamtodict1"
            },
            "tgt": {
                "port": "articles",
                "process": "metadataarticles1"
            }
        },
        {
            "metadata": {
                "points": "510.99999809265137,98.49999952316284 538.9999976158142,98.49999952316284 538.9999976158142,89.49999952316284 566.999997138977,89.49999952316284"
            },
            "src": {
                "port": "outFile",
                "process": "readfile1"
            },
            "tgt": {
                "port": "stream",
                "process": "jsonstreamtodict1"
            }
        },
        {
            "metadata": {
                "points": "141,65.99999976158142 168.99999952316284,65.99999976158142 168.99999952316284,74.99999976158142 196.99999904632568,74.99999976158142"
            },
            "src": {
                "port": "outFilename",
                "process": "readfile2"
            },
            "tgt": {
                "port": "input",
                "process": "filtertodaystring1"
            }
        },
        {
            "metadata": {
                "points": "325.9999990463257,92.99999976158142 353.9999985694885,92.99999976158142 353.9999985694885,89.49999952316284 381.99999809265137,89.49999952316284"
            },
            "src": {
                "port": "output",
                "process": "filtertodaystring1"
            },
            "tgt": {
                "port": "inPath",
                "process": "readfile1"
            }
        },
        {
            "metadata": {
                "points": "325.9999990463257,56.99999976158142 353.9999985694885,56.99999976158142 353.9999985694885,20.5 723.9999966621399,20.5 723.9999966621399,12 1109.9999947547913,12 1109.9999947547913,27 1240.999993801117,27 1240.999993801117,56.99999976158142 1268.9999933242798,56.99999976158142"
            },
            "src": {
                "port": "log",
                "process": "filtertodaystring1"
            },
            "tgt": {
                "port": "in2",
                "process": "51multiplexer1"
            }
        },
        {
            "metadata": {
                "points": "1196.999994277954,97.99999952316284 1224.999993801117,97.99999952316284 1224.999993801117,74.99999976158142 1268.9999933242798,74.99999976158142"
            },
            "src": {
                "port": "outstring",
                "process": "tostringconverter1"
            },
            "tgt": {
                "port": "in3",
                "process": "51multiplexer1"
            }
        },
        {
            "metadata": {
                "points": "880.9999961853027,97.99999952316284 909,98 909,102 937,102"
            },
            "src": {
                "port": "table",
                "process": "metadataarticles1"
            },
            "tgt": {
                "port": "input",
                "process": "betawritehanatable1"
            }
        },
        {
            "metadata": {
                "points": "1066,93 1102,93 1102,107 1137.999994277954,106.99999952316284"
            },
            "src": {
                "port": "success",
                "process": "betawritehanatable1"
            },
            "tgt": {
                "port": "inmessage",
                "process": "tostringconverter1"
            }
        }
    ],
    "inports": {},
    "outports": {}
}