{
    "properties": {},
    "description": "Word Index 4",
    "processes": {
        "readfile1": {
            "component": "com.sap.storage.read",
            "metadata": {
                "label": "blacklist.txt",
                "x": 17,
                "y": 20.499999523162842,
                "height": 80,
                "width": 120,
                "config": {
                    "service": "SDL",
                    "path": "/shared/word_repositories/blacklist.txt",
                    "pollPeriodInMs": "10000000"
                }
            }
        },
        "readfile2": {
            "component": "com.sap.storage.read",
            "metadata": {
                "label": "Lexicon.csv",
                "x": 17,
                "y": 260.49999952316284,
                "height": 80,
                "width": 120,
                "config": {
                    "service": "SDL",
                    "path": "/shared/word_repositories/lexicon_march.csv",
                    "pollPeriodInMs": "10000000"
                }
            }
        },
        "readfile3": {
            "component": "com.sap.storage.read",
            "metadata": {
                "label": "onlinemedia",
                "x": 17,
                "y": 380.49999952316284,
                "height": 80,
                "width": 120,
                "config": {
                    "service": "SDL",
                    "path": "/shared/onlinemedia_texts",
                    "pollPeriodInMs": "10000000",
                    "pattern": ".*json"
                }
            }
        },
        "linetoarray1": {
            "component": "sdi_utils_operators.line_array",
            "metadata": {
                "label": "Line to array",
                "x": 201.99999904632568,
                "y": 12,
                "height": 80,
                "width": 120,
                "extensible": true,
                "config": {
                    "debug_mode": true,
                    "collect": false
                }
            }
        },
        "csvstreamtotable1": {
            "component": "sdi_utils_operators.csv_table",
            "metadata": {
                "label": "csv stream to table",
                "x": 201.99999904632568,
                "y": 252,
                "height": 80,
                "width": 120,
                "extensible": true,
                "config": {
                    "debug_mode": true,
                    "has_header": true
                }
            }
        },
        "jsonstreamtodict1": {
            "component": "sdi_utils_operators.json_dict",
            "metadata": {
                "label": "JSON stream to dict",
                "x": 201.99999904632568,
                "y": 388.9999990463257,
                "height": 80,
                "width": 120,
                "extensible": true,
                "config": {
                    "collect": false
                }
            }
        },
        "51multiplexer1": {
            "component": "com.sap.system.multiplexer.5-1",
            "metadata": {
                "label": "5:1 Multiplexer",
                "x": 836.9999961853027,
                "y": 115.99999976158142,
                "height": 100,
                "width": 120,
                "extensible": true,
                "config": {}
            }
        },
        "wordindexing1": {
            "component": "textanalysis.word_indexing",
            "metadata": {
                "label": "Word Indexing",
                "x": 603.999997138977,
                "y": 208.99999952316284,
                "height": 80,
                "width": 120,
                "extensible": true,
                "config": {}
            }
        },
        "betawritehanatable1": {
            "component": "com.sap.hana.writeTable",
            "metadata": {
                "label": "Write WORD_INDEX",
                "x": 836.9999961853027,
                "y": 255.99999976158142,
                "height": 80,
                "width": 120,
                "config": {
                    "connection": {
                        "configurationType": "Configuration Manager",
                        "connectionID": "EU_HANA"
                    },
                    "configMode": "Static (from configuration)",
                    "tableName": "WORD_INDEX",
                    "statementType": "UPSERT"
                }
            }
        },
        "gate1": {
            "component": "sdi_utils_operators.gate.count_gate",
            "metadata": {
                "label": "Gate",
                "x": 1037.9999952316284,
                "y": 260.49999952316284,
                "height": 80,
                "width": 120,
                "extensible": true,
                "config": {
                    "limit": 1000000,
                    "attribute": "storage.fileCount"
                }
            }
        },
        "graphterminator1": {
            "component": "com.sap.util.graphTerminator",
            "metadata": {
                "label": "Graph Terminator",
                "x": 1222.999994277954,
                "y": 200.49999952316284,
                "height": 80,
                "width": 120,
                "config": {}
            }
        },
        "wiretap1": {
            "component": "com.sap.util.wiretap",
            "metadata": {
                "label": "Wiretap",
                "x": 1037.9999952316284,
                "y": 140.49999952316284,
                "height": 80,
                "width": 120,
                "ui": "dynpath",
                "config": {}
            }
        },
        "readfile4": {
            "component": "com.sap.storage.read",
            "metadata": {
                "label": "Keywords",
                "x": 17,
                "y": 140.49999952316284,
                "height": 80,
                "width": 120,
                "config": {
                    "service": "SDL",
                    "path": "/shared/word_repositories/keywords.txt",
                    "pollPeriodInMs": "100000000"
                }
            }
        },
        "wordextraction1": {
            "component": "textanalysis.word_extraction",
            "metadata": {
                "label": "Word Extraction",
                "x": 418.99999809265137,
                "y": 199.49999952316284,
                "height": 82,
                "width": 120,
                "extensible": true,
                "config": {
                    "use_lexicon": false,
                    "mode": "LKPN",
                    "debug_mode": true,
                    "counter": false,
                    "language": "None",
                    "use_blacklist": true
                }
            }
        },
        "linetoarray11": {
            "component": "sdi_utils_operators.line_array",
            "metadata": {
                "label": "Line to array",
                "x": 201.99999904632568,
                "y": 132,
                "height": 80,
                "width": 120,
                "extensible": true,
                "config": {
                    "debug_mode": true,
                    "collect": false
                }
            },
            "name": "linetoarray1"
        }
    },
    "groups": [],
    "connections": [
        {
            "metadata": {
                "points": "141,69.49999952316284 168.99999952316284,69.49999952316284 168.99999952316284,52 196.99999904632568,52"
            },
            "src": {
                "port": "outFile",
                "process": "readfile1"
            },
            "tgt": {
                "port": "stream",
                "process": "linetoarray1"
            }
        },
        {
            "metadata": {
                "points": "141,309.49999952316284 168.99999952316284,309.49999952316284 168.99999952316284,292 196.99999904632568,292"
            },
            "src": {
                "port": "outFile",
                "process": "readfile2"
            },
            "tgt": {
                "port": "stream",
                "process": "csvstreamtotable1"
            }
        },
        {
            "metadata": {
                "points": "141,429.49999952316284 168.99999952316284,429.49999952316284 168.99999952316284,428.9999990463257 196.99999904632568,428.9999990463257"
            },
            "src": {
                "port": "outFile",
                "process": "readfile3"
            },
            "tgt": {
                "port": "stream",
                "process": "jsonstreamtodict1"
            }
        },
        {
            "metadata": {
                "points": "325.9999990463257,43 385.9999985694885,43 385.9999985694885,153.5 570.9999976158142,153.5 570.9999976158142,146 755.9999966621399,146 755.9999966621399,129.99999976158142 831.9999961853027,129.99999976158142"
            },
            "src": {
                "port": "log",
                "process": "linetoarray1"
            },
            "tgt": {
                "port": "in1",
                "process": "51multiplexer1"
            }
        },
        {
            "metadata": {
                "points": "325.9999990463257,419.9999990463257 385.9999985694885,419.9999990463257 385.9999985694885,326.4999990463257 570.9999976158142,326.4999990463257 570.9999976158142,333.9999990463257 787.9999966621399,333.9999990463257 787.9999966621399,165.99999976158142 831.9999961853027,165.99999976158142"
            },
            "src": {
                "port": "log",
                "process": "jsonstreamtodict1"
            },
            "tgt": {
                "port": "in3",
                "process": "51multiplexer1"
            }
        },
        {
            "metadata": {
                "points": "727.999997138977,239.99999952316284 803.9999966621399,239.99999952316284 803.9999966621399,201.99999976158142 831.9999961853027,201.99999976158142"
            },
            "src": {
                "port": "log",
                "process": "wordindexing1"
            },
            "tgt": {
                "port": "in5",
                "process": "51multiplexer1"
            }
        },
        {
            "metadata": {
                "points": "727.999997138977,257.99999952316284 803.9999966621399,257.99999952316284 803.9999966621399,295.9999997615814 831.9999961853027,295.9999997615814"
            },
            "src": {
                "port": "words",
                "process": "wordindexing1"
            },
            "tgt": {
                "port": "input",
                "process": "betawritehanatable1"
            }
        },
        {
            "metadata": {
                "points": "141,411.49999952316284 168.99999952316284,411.49999952316284 168.99999952316284,359.99999952316284 353.9999985694885,359.99999952316284 353.9999985694885,309.4999990463257 570.9999976158142,309.4999990463257 570.9999976158142,316.9999990463257 803.9999966621399,316.9999990463257 803.9999966621399,363.99999928474426 988.9999957084656,363.99999928474426 988.9999957084656,300.49999952316284 1032.9999952316284,300.49999952316284"
            },
            "src": {
                "port": "outFilename",
                "process": "readfile3"
            },
            "tgt": {
                "port": "attributes",
                "process": "gate1"
            }
        },
        {
            "metadata": {
                "points": "960.9999961853027,286.9999997615814 1004.9999957084656,286.9999997615814 1004.9999957084656,318.49999952316284 1032.9999952316284,318.49999952316284"
            },
            "src": {
                "port": "success",
                "process": "betawritehanatable1"
            },
            "tgt": {
                "port": "data",
                "process": "gate1"
            }
        },
        {
            "metadata": {
                "points": "1161.9999952316284,300.49999952316284 1189.9999947547913,300.49999952316284 1189.9999947547913,240.49999952316284 1217.999994277954,240.49999952316284"
            },
            "src": {
                "port": "trigger",
                "process": "gate1"
            },
            "tgt": {
                "port": "stop",
                "process": "graphterminator1"
            }
        },
        {
            "metadata": {
                "points": "960.9999961853027,165.99999976158142 988.9999957084656,165.99999976158142 988.9999957084656,180.49999952316284 1032.9999952316284,180.49999952316284"
            },
            "src": {
                "port": "out1",
                "process": "51multiplexer1"
            },
            "tgt": {
                "port": "in",
                "process": "wiretap1"
            }
        },
        {
            "metadata": {
                "points": "141,189.49999952316284 168.99999952316284,189.49999952316284 168.99999952316284,172 196.99999904632568,172"
            },
            "src": {
                "port": "outFile",
                "process": "readfile4"
            },
            "tgt": {
                "port": "stream",
                "process": "linetoarray11"
            }
        },
        {
            "metadata": {
                "points": "325.9999990463257,181 353.9999985694885,181 353.9999985694885,231.49999952316284 413.99999809265137,231.49999952316284"
            },
            "src": {
                "port": "data",
                "process": "linetoarray11"
            },
            "tgt": {
                "port": "keywords",
                "process": "wordextraction1"
            }
        },
        {
            "metadata": {
                "points": "325.9999990463257,61 369.9999985694885,61 369.9999985694885,213.49999952316284 413.99999809265137,213.49999952316284"
            },
            "src": {
                "port": "data",
                "process": "linetoarray1"
            },
            "tgt": {
                "port": "blacklist",
                "process": "wordextraction1"
            }
        },
        {
            "metadata": {
                "points": "325.9999990463257,163 385.9999985694885,163 385.9999985694885,170.5 570.9999976158142,170.5 570.9999976158142,163 755.9999966621399,163 755.9999966621399,183.99999976158142 831.9999961853027,183.99999976158142"
            },
            "src": {
                "port": "log",
                "process": "linetoarray11"
            },
            "tgt": {
                "port": "in4",
                "process": "51multiplexer1"
            }
        },
        {
            "metadata": {
                "points": "542.9999980926514,249.49999952316284 570.9999976158142,249.49999952316284 570.9999976158142,248.99999952316284 598.999997138977,248.99999952316284"
            },
            "src": {
                "port": "data",
                "process": "wordextraction1"
            },
            "tgt": {
                "port": "articles",
                "process": "wordindexing1"
            }
        },
        {
            "metadata": {
                "points": "325.9999990463257,437.9999990463257 369.9999985694885,437.9999990463257 369.9999985694885,267.49999952316284 413.99999809265137,267.49999952316284"
            },
            "src": {
                "port": "data",
                "process": "jsonstreamtodict1"
            },
            "tgt": {
                "port": "articles",
                "process": "wordextraction1"
            }
        },
        {
            "metadata": {
                "points": "325.9999990463257,301 353.9999985694885,301 353.9999985694885,249.49999952316284 413.99999809265137,249.49999952316284"
            },
            "src": {
                "port": "data",
                "process": "csvstreamtotable1"
            },
            "tgt": {
                "port": "lexicon",
                "process": "wordextraction1"
            }
        },
        {
            "metadata": {
                "points": "542.9999980926514,231.49999952316284 570.9999976158142,231.49999952316284 570.9999976158142,180 771.9999966621399,180 771.9999966621399,147.99999976158142 831.9999961853027,147.99999976158142"
            },
            "src": {
                "port": "log",
                "process": "wordextraction1"
            },
            "tgt": {
                "port": "in2",
                "process": "51multiplexer1"
            }
        }
    ],
    "inports": {},
    "outports": {}
}