{
    "properties": {},
    "iconsrc": "",
    "description": "Scrapey and Keyword Online Media 0.4",
    "processes": {
        "readfile1": {
            "component": "com.sap.storage.read",
            "metadata": {
                "label": "settings.py",
                "x": 17,
                "y": 492,
                "height": 80,
                "width": 120,
                "config": {
                    "service": "SDL",
                    "path": "/shared/scrapy/onlinemedia/onlinemedia/settings.py",
                    "pollPeriodInMs": "10000000"
                }
            }
        },
        "readfile2": {
            "component": "com.sap.storage.read",
            "metadata": {
                "label": "items.py",
                "x": 17,
                "y": 252,
                "height": 80,
                "width": 120,
                "config": {
                    "service": "SDL",
                    "path": "/shared/scrapy/onlinemedia/onlinemedia/items.py",
                    "pollPeriodInMs": "10000000"
                }
            }
        },
        "readfile3": {
            "component": "com.sap.storage.read",
            "metadata": {
                "label": "pipelines.py",
                "x": 17,
                "y": 132,
                "height": 80,
                "width": 120,
                "config": {
                    "path": "/shared/scrapy/onlinemedia/onlinemedia/pipelines.py",
                    "service": "SDL",
                    "pollPeriodInMs": "10000000"
                }
            }
        },
        "readfile4": {
            "component": "com.sap.storage.read",
            "metadata": {
                "label": "middlewares.py",
                "x": 17,
                "y": 372,
                "height": 80,
                "width": 120,
                "config": {
                    "path": "/shared/scrapy/onlinemedia/onlinemedia/middlewares.py",
                    "service": "SDL",
                    "pollPeriodInMs": "10000000"
                }
            }
        },
        "readfile5": {
            "component": "com.sap.storage.read",
            "metadata": {
                "label": "spider.py",
                "x": 17,
                "y": 12,
                "height": 80,
                "width": 120,
                "config": {
                    "path": "/shared/scrapy/onlinemedia/onlinemedia/spiders/spider.py",
                    "service": "SDL",
                    "pollPeriodInMs": "10000000"
                }
            }
        },
        "wiretap1": {
            "component": "com.sap.util.wiretap",
            "metadata": {
                "label": "Wiretap",
                "x": 852.9999961853027,
                "y": 312,
                "height": 80,
                "width": 120,
                "ui": "dynpath",
                "config": {}
            }
        },
        "wiretap3": {
            "component": "com.sap.util.wiretap",
            "metadata": {
                "label": "Wiretap",
                "x": 434.99999809265137,
                "y": 198.00000023841858,
                "height": 80,
                "width": 120,
                "ui": "dynpath",
                "config": {}
            }
        },
        "writefile1": {
            "component": "com.sap.storage.write",
            "metadata": {
                "label": "Write File",
                "x": 434.99999809265137,
                "y": 318.0000002384186,
                "height": 80,
                "width": 120,
                "config": {
                    "service": "SDL",
                    "path": "/shared/onlinemedia_texts/\\${filename}",
                    "mode": "create",
                    "terminateOnError": false
                }
            }
        },
        "graphterminator1": {
            "component": "com.sap.util.graphTerminator",
            "metadata": {
                "label": "Graph Terminator",
                "x": 1761.9999933242798,
                "y": 312,
                "height": 80,
                "width": 120,
                "config": {}
            }
        },
        "parselogs1": {
            "component": "sdi_utils_operators.parseLog",
            "metadata": {
                "label": "Parse Logs",
                "x": 1021.9999961853027,
                "y": 312,
                "height": 80,
                "width": 120,
                "extensible": true,
                "config": {
                    "marker_map": "scrapy : 'SCAN ENDED'",
                    "sleep": 0
                }
            }
        },
        "scrapy2": {
            "component": "textanalysis.scrapy",
            "metadata": {
                "label": "Onlinemedia",
                "x": 233.99999904632568,
                "y": 242,
                "height": 100,
                "width": 120,
                "extensible": true,
                "config": {
                    "spider": "Spiegel_spider, FAZ_spider, Sueddeutsche_spider, Elpais_spider, Elmundo_spider, Lefigaro_spider, Lemonde_spider",
                    "debug_mode": true,
                    "scrapy_dir": "/home/onlinemedia",
                    "project_dir": "onlinemedia",
                    "start_cmd": true,
                    "json_string_output": true
                }
            }
        },
        "searchkeywords1": {
            "component": "textanalysis.keyword_search",
            "metadata": {
                "label": "Search Keywords",
                "x": 434.99999809265137,
                "y": 454.99999928474426,
                "height": 80,
                "width": 120,
                "extensible": true,
                "config": {
                    "debug_mode": true
                }
            }
        },
        "readfile6": {
            "component": "com.sap.storage.read",
            "metadata": {
                "label": "Keywords",
                "x": 17,
                "y": 612,
                "height": 80,
                "width": 120,
                "config": {
                    "service": "SDL",
                    "path": "/shared/word_repositories/keywords.csv",
                    "pollPeriodInMs": "1000000"
                }
            }
        },
        "csvstreamtodict1": {
            "component": "sdi_utils_operators.csv_dict",
            "metadata": {
                "label": "csv stream to dict",
                "x": 233.99999904632568,
                "y": 382,
                "height": 80,
                "width": 120,
                "extensible": true,
                "config": {
                    "debug_mode": true,
                    "collect": false,
                    "column_dict": "None",
                    "separator": ","
                }
            }
        },
        "31multiplexer1": {
            "component": "com.sap.system.multiplexer.3-1",
            "metadata": {
                "label": "3:1 Multiplexer",
                "x": 667.999997138977,
                "y": 266.4999997615814,
                "height": 80,
                "width": 120,
                "extensible": true,
                "config": {}
            }
        },
        "saphanaclient1": {
            "component": "com.sap.hana.client2",
            "metadata": {
                "label": "SAP HANA Client",
                "x": 667.999997138977,
                "y": 386.4999997615814,
                "height": 80,
                "width": 120,
                "config": {
                    "connection": {
                        "configurationType": "Configuration Manager",
                        "connectionID": "EU_HANA"
                    },
                    "tableColumns": [
                        {
                            "name": "date",
                            "type": "DATE"
                        },
                        {
                            "name": "media",
                            "type": "NVARCHAR",
                            "size": 250
                        },
                        {
                            "name": "hash_text",
                            "type": "BIGINT"
                        },
                        {
                            "name": "keyword",
                            "type": "NVARCHAR",
                            "size": 200
                        },
                        {
                            "name": "count",
                            "type": "INTEGER"
                        }
                    ],
                    "tableName": "keyword_index",
                    "inputFormat": "JSON",
                    "connectionTimeoutInMs": 9997
                }
            }
        },
        "gate2": {
            "component": "sdi_utils_operators.gate.count_gate",
            "metadata": {
                "label": "Gate",
                "x": 1407.999994277954,
                "y": 252,
                "height": 80,
                "width": 120,
                "extensible": true,
                "config": {
                    "sleep": 10000
                }
            }
        },
        "12multiplexer1": {
            "component": "com.sap.system.multiplexer.1-2",
            "metadata": {
                "label": "1:2 Multiplexer",
                "x": 1206.9999952316284,
                "y": 312,
                "height": 80,
                "width": 120,
                "extensible": true,
                "config": {}
            }
        },
        "gate1": {
            "component": "sdi_utils_operators.gate.count_gate",
            "metadata": {
                "label": "Gate",
                "x": 1407.999994277954,
                "y": 372,
                "height": 80,
                "width": 120,
                "extensible": true,
                "config": {
                    "sleep": 0,
                    "limit": 100000
                }
            }
        },
        "andgate2": {
            "component": "sdi_utils_operators.gate.and_gate",
            "metadata": {
                "label": "AND Gate",
                "x": 1592.9999933242798,
                "y": 312,
                "height": 80,
                "width": 120,
                "extensible": true,
                "config": {}
            }
        },
        "wiretap2": {
            "component": "com.sap.util.wiretap",
            "metadata": {
                "label": "Wiretap",
                "x": 1607,
                "y": 94,
                "height": 80,
                "width": 120,
                "ui": "dynpath",
                "config": {}
            }
        },
        "21multiplexer1": {
            "component": "com.sap.system.multiplexer.2-1",
            "metadata": {
                "label": "2:1 Multiplexer",
                "x": 1461,
                "y": 94,
                "height": 80,
                "width": 120,
                "extensible": true,
                "config": {}
            }
        }
    },
    "groups": [],
    "connections": [
        {
            "metadata": {
                "points": "976.9999961853027,352 1016.9999961853027,352"
            },
            "src": {
                "port": "out",
                "process": "wiretap1"
            },
            "tgt": {
                "port": "log",
                "process": "parselogs1"
            }
        },
        {
            "metadata": {
                "points": "141,61 184.99999952316284,61 184.99999952316284,256 228.99999904632568,256"
            },
            "src": {
                "port": "outFile",
                "process": "readfile5"
            },
            "tgt": {
                "port": "spider",
                "process": "scrapy2"
            }
        },
        {
            "metadata": {
                "points": "141,181 168.99999952316284,181 168.99999952316284,274 228.99999904632568,274"
            },
            "src": {
                "port": "outFile",
                "process": "readfile3"
            },
            "tgt": {
                "port": "pipelines",
                "process": "scrapy2"
            }
        },
        {
            "metadata": {
                "points": "141,301 168.99999952316284,301 168.99999952316284,292 228.99999904632568,292"
            },
            "src": {
                "port": "outFile",
                "process": "readfile2"
            },
            "tgt": {
                "port": "items",
                "process": "scrapy2"
            }
        },
        {
            "metadata": {
                "points": "141,421 168.99999952316284,421 168.99999952316284,310 228.99999904632568,310"
            },
            "src": {
                "port": "outFile",
                "process": "readfile4"
            },
            "tgt": {
                "port": "middlewares",
                "process": "scrapy2"
            }
        },
        {
            "metadata": {
                "points": "141,541 184.99999952316284,541 184.99999952316284,328 228.99999904632568,328"
            },
            "src": {
                "port": "outFile",
                "process": "readfile1"
            },
            "tgt": {
                "port": "settings",
                "process": "scrapy2"
            }
        },
        {
            "metadata": {
                "points": "357.9999990463257,301 401.9999985694885,301 401.9999985694885,358.0000002384186 429.99999809265137,358.0000002384186"
            },
            "src": {
                "port": "jsonstr",
                "process": "scrapy2"
            },
            "tgt": {
                "port": "inFile",
                "process": "writefile1"
            }
        },
        {
            "metadata": {
                "points": "357.9999990463257,283 401.9999985694885,283 401.9999985694885,238.00000023841858 429.99999809265137,238.00000023841858"
            },
            "src": {
                "port": "stderr",
                "process": "scrapy2"
            },
            "tgt": {
                "port": "in",
                "process": "wiretap3"
            }
        },
        {
            "metadata": {
                "points": "357.9999990463257,319 385.9999985694885,319 385.9999985694885,503.99999928474426 429.99999809265137,503.99999928474426"
            },
            "src": {
                "port": "data",
                "process": "scrapy2"
            },
            "tgt": {
                "port": "articles",
                "process": "searchkeywords1"
            }
        },
        {
            "metadata": {
                "points": "141,661 200.99999952316284,661 200.99999952316284,422 228.99999904632568,422"
            },
            "src": {
                "port": "outFile",
                "process": "readfile6"
            },
            "tgt": {
                "port": "stream",
                "process": "csvstreamtodict1"
            }
        },
        {
            "metadata": {
                "points": "357.9999990463257,431 401.9999985694885,431 401.9999985694885,485.99999928474426 429.99999809265137,485.99999928474426"
            },
            "src": {
                "port": "data",
                "process": "csvstreamtodict1"
            },
            "tgt": {
                "port": "keywords",
                "process": "searchkeywords1"
            }
        },
        {
            "metadata": {
                "points": "357.9999990463257,265 385.9999985694885,265 385.9999985694885,169.00000071525574 602.9999976158142,169.00000071525574 602.9999976158142,288.4999997615814 662.999997138977,288.4999997615814"
            },
            "src": {
                "port": "log",
                "process": "scrapy2"
            },
            "tgt": {
                "port": "in1",
                "process": "31multiplexer1"
            }
        },
        {
            "metadata": {
                "points": "357.9999990463257,413 401.9999985694885,413 401.9999985694885,425.9999997615814 602.9999976158142,425.9999997615814 602.9999976158142,306.4999997615814 662.999997138977,306.4999997615814"
            },
            "src": {
                "port": "log",
                "process": "csvstreamtodict1"
            },
            "tgt": {
                "port": "in2",
                "process": "31multiplexer1"
            }
        },
        {
            "metadata": {
                "points": "558.9999980926514,476.99999928474426 618.9999976158142,476.99999928474426 618.9999976158142,324.4999997615814 662.999997138977,324.4999997615814"
            },
            "src": {
                "port": "log",
                "process": "searchkeywords1"
            },
            "tgt": {
                "port": "in3",
                "process": "31multiplexer1"
            }
        },
        {
            "metadata": {
                "points": "791.999997138977,306.4999997615814 819.9999966621399,306.4999997615814 819.9999966621399,352 847.9999961853027,352"
            },
            "src": {
                "port": "out1",
                "process": "31multiplexer1"
            },
            "tgt": {
                "port": "in",
                "process": "wiretap1"
            }
        },
        {
            "metadata": {
                "points": "558.9999980926514,494.99999928474426 634.9999976158142,494.99999928474426 634.9999976158142,435.4999997615814 662.999997138977,435.4999997615814"
            },
            "src": {
                "port": "jsonstr",
                "process": "searchkeywords1"
            },
            "tgt": {
                "port": "data",
                "process": "saphanaclient1"
            }
        },
        {
            "metadata": {
                "points": "558.9999980926514,358.0000002384186 586.9999976158142,358.0000002384186 586.9999976158142,237.50000023841858 819.9999966621399,237.50000023841858 819.9999966621399,283.00000047683716 1358.9999947547913,283.00000047683716 1358.9999947547913,301 1402.999994277954,301"
            },
            "src": {
                "port": "outFilename",
                "process": "writefile1"
            },
            "tgt": {
                "port": "data",
                "process": "gate2"
            }
        },
        {
            "metadata": {
                "points": "1145.9999961853027,370 1173.9999957084656,370 1173.9999957084656,352 1201.9999952316284,352"
            },
            "src": {
                "port": "index",
                "process": "parselogs1"
            },
            "tgt": {
                "port": "in1",
                "process": "12multiplexer1"
            }
        },
        {
            "metadata": {
                "points": "1330.9999952316284,343 1374.9999947547913,343 1374.9999947547913,283 1402.999994277954,283"
            },
            "src": {
                "port": "out1",
                "process": "12multiplexer1"
            },
            "tgt": {
                "port": "limit",
                "process": "gate2"
            }
        },
        {
            "metadata": {
                "points": "1330.9999952316284,361 1358.9999947547913,361 1358.9999947547913,403 1402.999994277954,403"
            },
            "src": {
                "port": "out2",
                "process": "12multiplexer1"
            },
            "tgt": {
                "port": "limit",
                "process": "gate1"
            }
        },
        {
            "metadata": {
                "points": "791.999997138977,426.4999997615814 819.9999966621399,426.4999997615814 819.9999966621399,419.99999952316284 1358.9999947547913,419.99999952316284 1358.9999947547913,421 1402.999994277954,421"
            },
            "src": {
                "port": "result",
                "process": "saphanaclient1"
            },
            "tgt": {
                "port": "data",
                "process": "gate1"
            }
        },
        {
            "metadata": {
                "points": "1531.999994277954,412 1559.999993801117,412 1559.999993801117,361 1587.9999933242798,361"
            },
            "src": {
                "port": "trigger",
                "process": "gate1"
            },
            "tgt": {
                "port": "input2",
                "process": "andgate2"
            }
        },
        {
            "metadata": {
                "points": "1531.999994277954,292 1559.999993801117,292 1559.999993801117,343 1587.9999933242798,343"
            },
            "src": {
                "port": "trigger",
                "process": "gate2"
            },
            "tgt": {
                "port": "input1",
                "process": "andgate2"
            }
        },
        {
            "metadata": {
                "points": "1716.9999933242798,352 1756.9999933242798,352"
            },
            "src": {
                "port": "trigger",
                "process": "andgate2"
            },
            "tgt": {
                "port": "stop",
                "process": "graphterminator1"
            }
        },
        {
            "metadata": {
                "points": "1531.999994277954,274 1582,274 1582,199.5 1406,199.5 1406,125 1456,125"
            },
            "src": {
                "port": "log",
                "process": "gate2"
            },
            "tgt": {
                "port": "in1",
                "process": "21multiplexer1"
            }
        },
        {
            "metadata": {
                "points": "1531.999994277954,394 1582,394 1582,268.5 1406,268.5 1406,143 1456,143"
            },
            "src": {
                "port": "log",
                "process": "gate1"
            },
            "tgt": {
                "port": "in2",
                "process": "21multiplexer1"
            }
        },
        {
            "metadata": {
                "points": "1585,134 1602,134"
            },
            "src": {
                "port": "out1",
                "process": "21multiplexer1"
            },
            "tgt": {
                "port": "in",
                "process": "wiretap2"
            }
        }
    ],
    "inports": {},
    "outports": {}
}