{
    "description": "Read onlinemedia texts",
    "processes": {
        "readfile1": {
            "component": "com.sap.storage.read",
            "metadata": {
                "label": "Read onlinemedia texts",
                "x": 17,
                "y": 12,
                "height": 80,
                "width": 120,
                "config": {
                    "path": "/shared/onlinemedia_texts/scrape_2020-02-10.json",
                    "service": "SDL",
                    "pollPeriodInMs": "100000000"
                }
            }
        },
        "jsonstreamtodict1": {
            "component": "sdi_utils_operators.jsonstream_dict",
            "metadata": {
                "label": "JSON stream to dict",
                "x": 201.99999904632568,
                "y": 12,
                "height": 80,
                "width": 120,
                "extensible": true,
                "config": {}
            }
        },
        "wiretap1": {
            "component": "com.sap.util.wiretap",
            "metadata": {
                "label": "Wiretap",
                "x": 386.99999809265137,
                "y": 12,
                "height": 80,
                "width": 120,
                "ui": "dynpath",
                "config": {}
            }
        }
    },
    "groups": [],
    "connections": [
        {
            "metadata": {
                "points": "141,61 168.99999952316284,61 168.99999952316284,52 196.99999904632568,52"
            },
            "src": {
                "port": "outFile",
                "process": "readfile1"
            },
            "tgt": {
                "port": "stream",
                "process": "jsonstreamtodict1"
            }
        },
        {
            "metadata": {
                "points": "325.9999990463257,43 353.9999985694885,43 353.9999985694885,52 381.99999809265137,52"
            },
            "src": {
                "port": "log",
                "process": "jsonstreamtodict1"
            },
            "tgt": {
                "port": "in",
                "process": "wiretap1"
            }
        }
    ],
    "inports": {},
    "outports": {},
    "properties": {}
}