{
    "description": "Pivotize table",
    "component": "com.sap.system.python3Operator",
    "inports": [
        {
            "name": "topic",
            "type": "message.table"
        }
    ],
    "outports": [
        {
            "name": "log",
            "type": "string"
        },
        {
            "name": "table",
            "type": "message.table"
        }
    ],
    "iconsrc": "pivotize.svg",
    "config": {
        "$type": "http://sap.com/vflow/sdi_utils_operators.table.pivotize.configSchema.json",
        "debug_mode": false,
        "pivot_cols_index": "2, 3",
        "pivot_column_name": "PIVOT_COLUMN",
        "ref_col_index": 0,
        "script": "file://pivotize.py"
    },
    "tags": {
        "sdi_utils": ""
    }
}