{
    "properties": {},
    "description": "Sentiment Analysis",
    "processes": {
        "sentimentanalysis1": {
            "component": "textanalysis.sentiment_analysis",
            "metadata": {
                "label": "Sentiment Analysis",
                "x": 386.99999809265137,
                "y": 109.49999952316284,
                "height": 80,
                "width": 120,
                "extensible": true,
                "config": {
                    "script": "import io\nimport json\nimport os\nimport re\n\n\nfrom textblob import TextBlob, Blobber\nfrom textblob_de import TextBlobDE as TextBlobDE\nfrom textblob_fr import PatternTagger as PatternTaggerFR, PatternAnalyzer as PatternAnalyzerFR\n\nimport nltk\nnltk.download('punkt')\n\nimport sdi_utils.gensolution as gs\nimport sdi_utils.set_logging as slog\nimport sdi_utils.textfield_parser as tfp\nimport sdi_utils.tprogress as tp\n\nlanguage_dict = {'Lefigaro': 'FR', 'Lemonde': 'FR', 'Spiegel': 'DE', 'FAZ': 'DE', 'Sueddeutsche': 'DE', 'Elpais': 'ES',\n                 'Elmundo': 'ES'}\n\nsupported_languages = ['EN','DE','FR','ES']\n\ntry:\n    api\nexcept NameError:\n    class api:\n        class Message:\n            def __init__(self, body=None, attributes=\"\"):\n                self.body = body\n                self.attributes = attributes\n\n        def send(port, msg):\n            if port == outports[1]['name']:\n                new_filename = os.path.basename(msg.attributes['storage.filename']).split('.')[0] + '-sentiment.json'\n                with open(os.path.join('/Users/Shared/data/onlinemedia/prep_texts', new_filename), mode='w') as f:\n                    f.write(json.dumps(msg.body, ensure_ascii=False, indent=4))\n\n        def set_config(config):\n            api.config = config\n\n        def set_port_callback(port, callback):\n            pass\n\n        class config:\n            ## Meta data\n            config_params = dict()\n            tags = {'sdi_utils': '','textblob':''}\n            version = \"0.0.1\"\n            operator_description = \"Sentiment Analysis\"\n            operator_description_long = \"Sentiment Analysis using lexicographic approach. \"\n            add_readme = dict()\n            debug_mode = True\n            config_params['debug_mode'] = {'title': 'Debug mode',\n                                           'description': 'Sending debug level information to log port',\n                                           'type': 'boolean'}\n\nlast_msg = None\nhash_text_list = list()\n\n\ndef get_article_sentiment(article):\n    \"\"\"\n    Extracts sentiment analysis for article.\n    @param article: article dictionary (retrieved from the Data Lake)\n    @returns: (article_level_polarity, article_level_subjectivity)\n    \"\"\"\n    if language_dict[article['media']] == 'DE':\n        blob = TextBlobDE(article['text'])\n        polarity, subjectivity = (blob.sentiment.polarity, blob.sentiment.subjectivity)\n    elif language_dict[article['media']] == 'FR':\n        tb = Blobber(pos_tagger=PatternTaggerFR(), analyzer=PatternAnalyzerFR())\n        blob = tb(article['text'])\n        polarity, subjectivity = blob.sentiment\n    else:  # for now defaults to FR (just for PoC)\n        blob = TextBlob(article['text'])\n        polarity, subjectivity = (blob.sentiment.polarity, blob.sentiment.subjectivity)\n    return polarity, subjectivity\n\n\ndef process(msg):\n    global setup_data\n    global last_msg\n    global hash_text_list\n\n    operator_name = 'sentiment analysis'\n    logger, log_stream = slog.set_logging(operator_name, loglevel=api.config.debug_mode)\n    logger.info(\"Process started\")\n    time_monitor = tp.progress()\n\n    if api.config.debug_mode:\n        api.send(outports[0]['name'], log_stream.getvalue())\n\n    article_list = msg.body\n    att_dict = msg.attributes\n    att_dict['operator'] = operator_name\n\n    sentiments_list = list()\n    media_set = set()\n    for article in article_list:\n        media_set.add(article['media'])\n\n        # Ensure that text only analysed once\n        if article['hash_text'] in hash_text_list:\n            continue\n        hash_text_list.append(article['hash_text'])\n\n        if not language_dict[article['media']] in supported_languages :\n            continue\n\n        polarity, subjectivity =  get_article_sentiment(article)\n\n        sentiments_list.append({'DATE': article['date'], 'MEDIA': article['media'],'HASH_TEXT': article['hash_text'],\\\n                                'POLARITY': polarity, 'SUBJECTIVITY': subjectivity})\n\n    logger.debug('Process ended, analysed media: {} - article sentiments analysed {}  - {}'.format(str(media_set), len(sentiments_list),\\\n                                                                                      time_monitor.elapsed_time()))\n\n    api.send(outports[0]['name'], log_stream.getvalue())\n    api.send(outports[1]['name'], api.Message(attributes=att_dict, body=sentiments_list))\n\n\ninports = [{'name': 'articles', 'type': 'message.dicts', \"description\": \"Message with body as dictionary \"}]\noutports = [{'name': 'log', 'type': 'string', \"description\": \"Logging data\"}, \\\n            {'name': 'data', 'type': 'message', \"description\": \"Output List of sentiment records\"}]\n\napi.set_port_callback(inports[0]['name'], process)\n\ndef main():\n    config = api.config\n    config.debug_mode = True\n    api.set_config(config)\n\n    in_dir = '/Users/Shared/data/onlinemedia/crawled_texts/'\n    files_in_dir = [f for f in os.listdir(in_dir) if\n                    os.path.isfile(os.path.join(in_dir, f)) and re.match('Spiegel.*', f)]\n    for i, fname in enumerate(files_in_dir):\n        fbase = fname.split('.')[0]\n        eos = True if len(files_in_dir) == i + 1 else False\n        attributes = {'format': 'csv', \"storage.filename\": fbase, 'storage.endOfSequence': eos, \\\n                      'storage.fileIndex': i, 'storage.fileCount': len(files_in_dir), 'process_list': []}\n        with open(os.path.join(in_dir, fname)) as json_file:\n            data = json.load(json_file)\n        msg_data = api.Message(attributes=attributes, body=data)\n        process(msg_data)\n\n\n"
                }
            }
        },
        "readfile1": {
            "component": "com.sap.storage.read",
            "metadata": {
                "label": "Read File",
                "x": 17,
                "y": 86.49999976158142,
                "height": 80,
                "width": 120,
                "config": {
                    "service": "SDL",
                    "path": "/shared/onlinemedia_texts",
                    "pollPeriodInMs": "10000000"
                }
            }
        },
        "jsonstreamtodict1": {
            "component": "sdi_utils_operators.json_dict",
            "metadata": {
                "label": "JSON stream to dict",
                "x": 201.99999904632568,
                "y": 100.99999952316284,
                "height": 80,
                "width": 120,
                "extensible": true,
                "config": {
                    "debug_mode": true
                }
            }
        },
        "saphanaclient1": {
            "component": "com.sap.hana.client2",
            "metadata": {
                "label": "SAP HANA Client",
                "x": 571.999997138977,
                "y": 160.99999952316284,
                "height": 80,
                "width": 120,
                "config": {
                    "connection": {
                        "configurationType": "Configuration Manager",
                        "connectionID": "EU_HANA"
                    },
                    "inputFormat": "JSON",
                    "insertMode": "UPSERT",
                    "tableName": "\"DIPROJECTS\".\"ARTICLE_SENTIMENT\"",
                    "tableColumns": [
                        {
                            "name": "DATE",
                            "type": "DATE"
                        },
                        {
                            "name": "MEDIA",
                            "type": "NVARCHAR",
                            "size": 250
                        },
                        {
                            "name": "HASH_TEXT",
                            "type": "BIGINT"
                        },
                        {
                            "name": "POLARITY",
                            "type": "DOUBLE"
                        },
                        {
                            "name": "SUBJECTIVITY",
                            "type": "DOUBLE"
                        }
                    ]
                }
            }
        },
        "gate1": {
            "component": "sdi_utils_operators.gate.count_gate",
            "metadata": {
                "label": "Gate",
                "x": 772.9999961853027,
                "y": 146.49999976158142,
                "height": 80,
                "width": 120,
                "extensible": true,
                "config": {
                    "attribute": "storage.fileCount",
                    "limit": 10000
                }
            }
        },
        "graphterminator1": {
            "component": "com.sap.util.graphTerminator",
            "metadata": {
                "label": "Graph Terminator",
                "x": 957.9999952316284,
                "y": 86.49999976158142,
                "height": 80,
                "width": 120,
                "config": {}
            }
        },
        "21multiplexer1": {
            "component": "com.sap.system.multiplexer.2-1",
            "metadata": {
                "label": "2:1 Multiplexer",
                "x": 571.999997138977,
                "y": 40.99999952316284,
                "height": 80,
                "width": 120,
                "extensible": true,
                "config": {}
            }
        },
        "wiretap1": {
            "component": "com.sap.util.wiretap",
            "metadata": {
                "label": "Wiretap",
                "x": 772.9999961853027,
                "y": 26.49999976158142,
                "height": 80,
                "width": 120,
                "ui": "dynpath",
                "config": {}
            }
        }
    },
    "groups": [],
    "connections": [
        {
            "metadata": {
                "points": "141,135.49999976158142 168.99999952316284,135.49999976158142 168.99999952316284,140.99999952316284 196.99999904632568,140.99999952316284"
            },
            "src": {
                "port": "outFile",
                "process": "readfile1"
            },
            "tgt": {
                "port": "stream",
                "process": "jsonstreamtodict1"
            }
        },
        {
            "metadata": {
                "points": "325.9999990463257,149.99999952316284 353.9999985694885,149.99999952316284 353.9999985694885,149.49999952316284 381.99999809265137,149.49999952316284"
            },
            "src": {
                "port": "data",
                "process": "jsonstreamtodict1"
            },
            "tgt": {
                "port": "articles",
                "process": "sentimentanalysis1"
            }
        },
        {
            "metadata": {
                "points": "510.99999809265137,158.49999952316284 538.9999976158142,158.49999952316284 538.9999976158142,209.99999952316284 566.999997138977,209.99999952316284"
            },
            "src": {
                "port": "data",
                "process": "sentimentanalysis1"
            },
            "tgt": {
                "port": "data",
                "process": "saphanaclient1"
            }
        },
        {
            "metadata": {
                "points": "141,117.49999976158142 168.99999952316284,117.49999976158142 168.99999952316284,72 353.9999985694885,72 353.9999985694885,63.5 538.9999976158142,63.5 538.9999976158142,12 739.9999966621399,12 739.9999966621399,186.49999976158142 767.9999961853027,186.49999976158142"
            },
            "src": {
                "port": "outFilename",
                "process": "readfile1"
            },
            "tgt": {
                "port": "attributes",
                "process": "gate1"
            }
        },
        {
            "metadata": {
                "points": "695.999997138977,200.99999952316284 723.9999966621399,200.99999952316284 723.9999966621399,204.49999976158142 767.9999961853027,204.49999976158142"
            },
            "src": {
                "port": "result",
                "process": "saphanaclient1"
            },
            "tgt": {
                "port": "data",
                "process": "gate1"
            }
        },
        {
            "metadata": {
                "points": "896.9999961853027,186.49999976158142 924.9999957084656,186.49999976158142 924.9999957084656,126.49999976158142 952.9999952316284,126.49999976158142"
            },
            "src": {
                "port": "trigger",
                "process": "gate1"
            },
            "tgt": {
                "port": "stop",
                "process": "graphterminator1"
            }
        },
        {
            "metadata": {
                "points": "325.9999990463257,131.99999952316284 353.9999985694885,131.99999952316284 353.9999985694885,80.5 538.9999976158142,80.5 538.9999976158142,71.99999952316284 566.999997138977,71.99999952316284"
            },
            "src": {
                "port": "log",
                "process": "jsonstreamtodict1"
            },
            "tgt": {
                "port": "in1",
                "process": "21multiplexer1"
            }
        },
        {
            "metadata": {
                "points": "510.99999809265137,140.49999952316284 538.9999976158142,140.49999952316284 538.9999976158142,89.99999952316284 566.999997138977,89.99999952316284"
            },
            "src": {
                "port": "log",
                "process": "sentimentanalysis1"
            },
            "tgt": {
                "port": "in2",
                "process": "21multiplexer1"
            }
        },
        {
            "metadata": {
                "points": "695.999997138977,80.99999952316284 723.9999966621399,80.99999952316284 723.9999966621399,66.49999976158142 767.9999961853027,66.49999976158142"
            },
            "src": {
                "port": "out1",
                "process": "21multiplexer1"
            },
            "tgt": {
                "port": "in",
                "process": "wiretap1"
            }
        }
    ],
    "inports": {},
    "outports": {}
}