{
    "properties": {},
    "description": "Daily Word Index 4",
    "processes": {
        "readfile1": {
            "component": "com.sap.storage.read",
            "metadata": {
                "label": "blacklist.txt",
                "x": 386.99999809265137,
                "y": 40.99999952316284,
                "height": 80,
                "width": 120,
                "config": {
                    "service": "SDL",
                    "path": "/shared/word_repositories/blacklist.txt",
                    "pollPeriodInMs": "10000000"
                }
            }
        },
        "readfile2": {
            "component": "com.sap.storage.read",
            "metadata": {
                "label": "Lexicon.csv",
                "x": 386.99999809265137,
                "y": 160.99999952316284,
                "height": 80,
                "width": 120,
                "config": {
                    "service": "SDL",
                    "path": "/shared/word_repositories/lexicon_march.csv",
                    "pollPeriodInMs": "10000000"
                }
            }
        },
        "readfile3": {
            "component": "com.sap.storage.read",
            "metadata": {
                "label": "onlinemedia",
                "x": 386.99999809265137,
                "y": 280.99999952316284,
                "height": 80,
                "width": 120,
                "config": {
                    "service": "SDL",
                    "path": "/shared/onlinemedia_texts",
                    "pollPeriodInMs": "10000000"
                }
            }
        },
        "linetoarray1": {
            "component": "sdi_utils_operators.line_array",
            "metadata": {
                "label": "Line to array",
                "x": 571.999997138977,
                "y": 40.99999952316284,
                "height": 80,
                "width": 120,
                "extensible": true,
                "config": {
                    "debug_mode": true,
                    "collect": false
                }
            }
        },
        "csvstreamtotable1": {
            "component": "sdi_utils_operators.csv_table",
            "metadata": {
                "label": "csv stream to table",
                "x": 571.999997138977,
                "y": 160.99999952316284,
                "height": 80,
                "width": 120,
                "extensible": true,
                "config": {
                    "debug_mode": true,
                    "has_header": true
                }
            }
        },
        "jsonstreamtodict1": {
            "component": "sdi_utils_operators.json_dict",
            "metadata": {
                "label": "JSON stream to dict",
                "x": 571.999997138977,
                "y": 280.99999952316284,
                "height": 80,
                "width": 120,
                "extensible": true,
                "config": {
                    "collect": false
                }
            }
        },
        "51multiplexer1": {
            "component": "com.sap.system.multiplexer.5-1",
            "metadata": {
                "label": "5:1 Multiplexer",
                "x": 1238.999994277954,
                "y": 150.99999952316284,
                "height": 100,
                "width": 120,
                "extensible": true,
                "config": {}
            }
        },
        "wordindexing1": {
            "component": "textanalysis.word_indexing",
            "metadata": {
                "label": "Word Indexing",
                "x": 1037.9999952316284,
                "y": 254.99999952316284,
                "height": 80,
                "width": 120,
                "extensible": true,
                "config": {}
            }
        },
        "betawritehanatable1": {
            "component": "com.sap.hana.writeTable",
            "metadata": {
                "label": "Write WORD_INDEX",
                "x": 1238.999994277954,
                "y": 290.99999952316284,
                "height": 80,
                "width": 120,
                "config": {
                    "connection": {
                        "configurationType": "Configuration Manager",
                        "connectionID": "EU_HANA"
                    },
                    "configMode": "Static (from configuration)",
                    "tableName": "WORD_INDEX",
                    "statementType": "UPSERT"
                }
            }
        },
        "gate1": {
            "component": "sdi_utils_operators.gate.count_gate",
            "metadata": {
                "label": "Gate",
                "x": 1439.9999933242798,
                "y": 146.49999976158142,
                "height": 80,
                "width": 120,
                "extensible": true,
                "config": {
                    "limit": 1000000,
                    "attribute": "storage.fileCount"
                }
            }
        },
        "graphterminator1": {
            "component": "com.sap.util.graphTerminator",
            "metadata": {
                "label": "Graph Terminator",
                "x": 1624.9999923706055,
                "y": 206.49999976158142,
                "height": 80,
                "width": 120,
                "config": {}
            }
        },
        "wiretap1": {
            "component": "com.sap.util.wiretap",
            "metadata": {
                "label": "Wiretap",
                "x": 1439.9999933242798,
                "y": 266.4999997615814,
                "height": 80,
                "width": 120,
                "ui": "dynpath",
                "config": {}
            }
        },
        "readfile4": {
            "component": "com.sap.storage.read",
            "metadata": {
                "label": "Keywords",
                "x": 386.99999809265137,
                "y": 400.99999952316284,
                "height": 80,
                "width": 120,
                "config": {
                    "service": "SDL",
                    "path": "/shared/word_repositories/keywords.txt",
                    "pollPeriodInMs": "100000000"
                }
            }
        },
        "wordextraction1": {
            "component": "textanalysis.word_extraction",
            "metadata": {
                "label": "Word Extraction",
                "x": 820.9999961853027,
                "y": 222.49999976158142,
                "height": 82,
                "width": 120,
                "extensible": true,
                "config": {
                    "use_lexicon": false,
                    "mode": "LKPN",
                    "debug_mode": true,
                    "counter": false,
                    "language": "None",
                    "use_blacklist": true
                }
            }
        },
        "linetoarray11": {
            "component": "sdi_utils_operators.line_array",
            "metadata": {
                "label": "Line to array",
                "x": 571.999997138977,
                "y": 400.99999952316284,
                "height": 80,
                "width": 120,
                "extensible": true,
                "config": {
                    "debug_mode": true,
                    "collect": false
                }
            },
            "name": "linetoarray1"
        },
        "readfile5": {
            "component": "com.sap.storage.read",
            "metadata": {
                "label": "onlinemedia Folder",
                "x": 17,
                "y": 206.49999976158142,
                "height": 80,
                "width": 120,
                "config": {
                    "service": "SDL",
                    "path": "/shared/onlinemedia_texts",
                    "pollPeriodInMs": "100000000"
                }
            }
        },
        "filtertodaystring1": {
            "component": "sdi_utils_operators.filter_today",
            "metadata": {
                "label": "Filter today string",
                "x": 201.99999904632568,
                "y": 206.49999976158142,
                "height": 80,
                "width": 120,
                "extensible": true,
                "config": {}
            }
        }
    },
    "groups": [],
    "connections": [
        {
            "metadata": {
                "points": "510.99999809265137,89.99999952316284 538.9999976158142,89.99999952316284 538.9999976158142,80.99999952316284 566.999997138977,80.99999952316284"
            },
            "src": {
                "port": "outFile",
                "process": "readfile1"
            },
            "tgt": {
                "port": "stream",
                "process": "linetoarray1"
            }
        },
        {
            "metadata": {
                "points": "510.99999809265137,209.99999952316284 538.9999976158142,209.99999952316284 538.9999976158142,200.99999952316284 566.999997138977,200.99999952316284"
            },
            "src": {
                "port": "outFile",
                "process": "readfile2"
            },
            "tgt": {
                "port": "stream",
                "process": "csvstreamtotable1"
            }
        },
        {
            "metadata": {
                "points": "510.99999809265137,329.99999952316284 538.9999976158142,329.99999952316284 538.9999976158142,320.99999952316284 566.999997138977,320.99999952316284"
            },
            "src": {
                "port": "outFile",
                "process": "readfile3"
            },
            "tgt": {
                "port": "stream",
                "process": "jsonstreamtodict1"
            }
        },
        {
            "metadata": {
                "points": "695.999997138977,71.99999952316284 771.9999966621399,71.99999952316284 771.9999966621399,176.50000023841858 972.9999957084656,176.50000023841858 972.9999957084656,175 1189.9999947547913,175 1189.9999947547913,164.99999952316284 1233.999994277954,164.99999952316284"
            },
            "src": {
                "port": "log",
                "process": "linetoarray1"
            },
            "tgt": {
                "port": "in1",
                "process": "51multiplexer1"
            }
        },
        {
            "metadata": {
                "points": "695.999997138977,311.99999952316284 739.9999966621399,311.99999952316284 739.9999966621399,193.50000023841858 972.9999957084656,193.50000023841858 972.9999957084656,192 1205.9999947547913,192 1205.9999947547913,200.99999952316284 1233.999994277954,200.99999952316284"
            },
            "src": {
                "port": "log",
                "process": "jsonstreamtodict1"
            },
            "tgt": {
                "port": "in3",
                "process": "51multiplexer1"
            }
        },
        {
            "metadata": {
                "points": "1161.9999952316284,285.99999952316284 1189.9999947547913,285.99999952316284 1189.9999947547913,236.99999952316284 1233.999994277954,236.99999952316284"
            },
            "src": {
                "port": "log",
                "process": "wordindexing1"
            },
            "tgt": {
                "port": "in5",
                "process": "51multiplexer1"
            }
        },
        {
            "metadata": {
                "points": "1161.9999952316284,303.99999952316284 1189.9999947547913,303.99999952316284 1189.9999947547913,330.99999952316284 1233.999994277954,330.99999952316284"
            },
            "src": {
                "port": "words",
                "process": "wordindexing1"
            },
            "tgt": {
                "port": "input",
                "process": "betawritehanatable1"
            }
        },
        {
            "metadata": {
                "points": "1362.999994277954,321.99999952316284 1390.999993801117,321.99999952316284 1390.999993801117,204.49999976158142 1434.9999933242798,204.49999976158142"
            },
            "src": {
                "port": "success",
                "process": "betawritehanatable1"
            },
            "tgt": {
                "port": "data",
                "process": "gate1"
            }
        },
        {
            "metadata": {
                "points": "1563.9999933242798,186.49999976158142 1591.9999928474426,186.49999976158142 1591.9999928474426,246.49999976158142 1619.9999923706055,246.49999976158142"
            },
            "src": {
                "port": "trigger",
                "process": "gate1"
            },
            "tgt": {
                "port": "stop",
                "process": "graphterminator1"
            }
        },
        {
            "metadata": {
                "points": "1362.999994277954,200.99999952316284 1406.999993801117,200.99999952316284 1406.999993801117,306.4999997615814 1434.9999933242798,306.4999997615814"
            },
            "src": {
                "port": "out1",
                "process": "51multiplexer1"
            },
            "tgt": {
                "port": "in",
                "process": "wiretap1"
            }
        },
        {
            "metadata": {
                "points": "510.99999809265137,449.99999952316284 538.9999976158142,449.99999952316284 538.9999976158142,440.99999952316284 566.999997138977,440.99999952316284"
            },
            "src": {
                "port": "outFile",
                "process": "readfile4"
            },
            "tgt": {
                "port": "stream",
                "process": "linetoarray11"
            }
        },
        {
            "metadata": {
                "points": "695.999997138977,449.99999952316284 771.9999966621399,449.99999952316284 771.9999966621399,254.49999976158142 815.9999961853027,254.49999976158142"
            },
            "src": {
                "port": "data",
                "process": "linetoarray11"
            },
            "tgt": {
                "port": "keywords",
                "process": "wordextraction1"
            }
        },
        {
            "metadata": {
                "points": "695.999997138977,89.99999952316284 755.9999966621399,89.99999952316284 755.9999966621399,236.49999976158142 815.9999961853027,236.49999976158142"
            },
            "src": {
                "port": "data",
                "process": "linetoarray1"
            },
            "tgt": {
                "port": "blacklist",
                "process": "wordextraction1"
            }
        },
        {
            "metadata": {
                "points": "695.999997138977,431.99999952316284 787.9999966621399,431.99999952316284 787.9999966621399,332.49999928474426 988.9999957084656,332.49999928474426 988.9999957084656,226 1189.9999947547913,226 1189.9999947547913,218.99999952316284 1233.999994277954,218.99999952316284"
            },
            "src": {
                "port": "log",
                "process": "linetoarray11"
            },
            "tgt": {
                "port": "in4",
                "process": "51multiplexer1"
            }
        },
        {
            "metadata": {
                "points": "944.9999961853027,272.4999997615814 1004.9999957084656,272.4999997615814 1004.9999957084656,294.99999952316284 1032.9999952316284,294.99999952316284"
            },
            "src": {
                "port": "data",
                "process": "wordextraction1"
            },
            "tgt": {
                "port": "articles",
                "process": "wordindexing1"
            }
        },
        {
            "metadata": {
                "points": "695.999997138977,329.99999952316284 755.9999966621399,329.99999952316284 755.9999966621399,290.4999997615814 815.9999961853027,290.4999997615814"
            },
            "src": {
                "port": "data",
                "process": "jsonstreamtodict1"
            },
            "tgt": {
                "port": "articles",
                "process": "wordextraction1"
            }
        },
        {
            "metadata": {
                "points": "695.999997138977,209.99999952316284 723.9999966621399,209.99999952316284 723.9999966621399,272.4999997615814 815.9999961853027,272.4999997615814"
            },
            "src": {
                "port": "data",
                "process": "csvstreamtotable1"
            },
            "tgt": {
                "port": "lexicon",
                "process": "wordextraction1"
            }
        },
        {
            "metadata": {
                "points": "944.9999961853027,254.49999976158142 972.9999957084656,254.49999976158142 972.9999957084656,209 1189.9999947547913,209 1189.9999947547913,182.99999952316284 1233.999994277954,182.99999952316284"
            },
            "src": {
                "port": "log",
                "process": "wordextraction1"
            },
            "tgt": {
                "port": "in2",
                "process": "51multiplexer1"
            }
        },
        {
            "metadata": {
                "points": "141,237.49999976158142 168.99999952316284,237.49999976158142 168.99999952316284,246.49999976158142 196.99999904632568,246.49999976158142"
            },
            "src": {
                "port": "outFilename",
                "process": "readfile5"
            },
            "tgt": {
                "port": "input",
                "process": "filtertodaystring1"
            }
        },
        {
            "metadata": {
                "points": "325.9999990463257,264.4999997615814 353.9999985694885,264.4999997615814 353.9999985694885,320.99999952316284 381.99999809265137,320.99999952316284"
            },
            "src": {
                "port": "output",
                "process": "filtertodaystring1"
            },
            "tgt": {
                "port": "inPath",
                "process": "readfile3"
            }
        },
        {
            "metadata": {
                "points": "325.9999990463257,246.49999976158142 353.9999985694885,246.49999976158142 353.9999985694885,12 787.9999966621399,12 787.9999966621399,159.50000023841858 972.9999957084656,159.50000023841858 972.9999957084656,158 1189.9999947547913,158 1189.9999947547913,122 1390.999993801117,122 1390.999993801117,168.49999976158142 1434.9999933242798,168.49999976158142"
            },
            "src": {
                "port": "numfiles",
                "process": "filtertodaystring1"
            },
            "tgt": {
                "port": "limit",
                "process": "gate1"
            }
        }
    ],
    "inports": {},
    "outports": {}
}