{
    "description": "Search Keywords",
    "component": "com.sap.system.python3Operator",
    "inports": [
        {
            "name": "keywords",
            "type": "message.table",
            "description": "Message with keywords to search "
        },
        {
            "name": "articles",
            "type": "message.dicts",
            "description": "Message with body as dictionary "
        }
    ],
    "outports": [
        {
            "name": "log",
            "type": "string",
            "description": "Logging data"
        },
        {
            "name": "data",
            "type": "message",
            "description": "Output List of index words"
        }
    ],
    "config": {
        "$type": "http://sap.com/vflow/textanalysis.keyword_search.configSchema.json",
        "script": "file://keyword_search.py",
        "debug_mode": true,
        "mode": "PROPN"
    },
    "tags": {
        "sdi_utils": ""
    },
    "iconsrc": "keyword_search.svg"
}