{
    "description": "Words from Text",
    "component": "com.sap.system.python3Operator",
    "inports": [
        {
            "name": "docs",
            "type": "message.DataFrame",
            "description": "Message with body as dictionary."
        }
    ],
    "outports": [
        {
            "name": "log",
            "type": "string",
            "description": "Logging data"
        },
        {
            "name": "data",
            "type": "message.DataFrame",
            "description": "Table with word index"
        }
    ],
    "config": {
        "$type": "http://sap.com/vflow/textanalysis.words_from_text.configSchema.json",
        "script": "file://words_from_text.py",
        "debug_mode": true,
        "language": "None",
        "types": "PROPN",
        "entity_types": "PER, ORG, LOC",
        "max_word_len": 80,
        "min_word_len": 3
    },
    "tags": {
        "sdi_utils": "",
        "spacy": ""
    },
    "iconsrc": "words_from_text.svg"
}