{
    "properties": {},
    "description": "Keyword Search",
    "processes": {
        "readfile1": {
            "component": "com.sap.storage.read",
            "metadata": {
                "label": "Keywords",
                "x": 17,
                "y": 22,
                "height": 80,
                "width": 120,
                "config": {
                    "service": "SDL",
                    "path": "/shared/word_repositories/keywords.csv",
                    "pollPeriodInMs": "10000000"
                }
            }
        },
        "csvstreamtodict1": {
            "component": "sdi_utils_operators.csv_dict",
            "metadata": {
                "label": "csv stream to dict",
                "x": 201.99999904632568,
                "y": 22,
                "height": 80,
                "width": 120,
                "extensible": true,
                "config": {
                    "collect": false,
                    "separator": ",",
                    "debug_mode": true,
                    "column_dict": "None"
                }
            }
        },
        "readfile2": {
            "component": "com.sap.storage.read",
            "metadata": {
                "label": "Online Media",
                "x": 17,
                "y": 142,
                "height": 80,
                "width": 120,
                "config": {
                    "service": "SDL",
                    "path": "/shared/onlinemedia_texts",
                    "pollPeriodInMs": "1000000"
                }
            }
        },
        "jsonstreamtodict1": {
            "component": "sdi_utils_operators.json_dict",
            "metadata": {
                "label": "JSON stream to dict",
                "x": 201.99999904632568,
                "y": 142,
                "height": 80,
                "width": 120,
                "extensible": true,
                "config": {
                    "collect": false
                }
            }
        },
        "51multiplexer1": {
            "component": "com.sap.system.multiplexer.5-1",
            "metadata": {
                "label": "5:1 Multiplexer",
                "x": 418.99999809265137,
                "y": 12,
                "height": 100,
                "width": 120,
                "extensible": true,
                "config": {}
            }
        },
        "wiretap1": {
            "component": "com.sap.util.wiretap",
            "metadata": {
                "label": "Wiretap",
                "x": 603.999997138977,
                "y": 22,
                "height": 80,
                "width": 120,
                "ui": "dynpath",
                "config": {}
            }
        },
        "saphanaclient1": {
            "component": "com.sap.hana.client2",
            "metadata": {
                "label": "SAP HANA Client",
                "x": 604,
                "y": 142,
                "height": 80,
                "width": 120,
                "config": {
                    "connection": {
                        "configurationType": "Configuration Manager",
                        "connectionID": "EU_HANA"
                    },
                    "tableName": "keyword_index",
                    "tableColumns": [
                        {
                            "name": "hash_text",
                            "type": "BIGINT"
                        },
                        {
                            "name": "keyword",
                            "type": "NVARCHAR",
                            "size": 200
                        },
                        {
                            "name": "count",
                            "type": "INTEGER"
                        }
                    ],
                    "inputFormat": "JSON",
                    "initTable": "Truncate",
                    "connectionTimeoutInMs": 10003,
                    "insertMode": "UPSERT"
                }
            }
        },
        "gate1": {
            "component": "sdi_utils_operators.gate",
            "metadata": {
                "label": "Gate",
                "x": 973.9999952316284,
                "y": 82,
                "height": 80,
                "width": 120,
                "extensible": true,
                "config": {
                    "limit": 1000000,
                    "sleep": 0
                }
            }
        },
        "parselogs1": {
            "component": "sdi_utils_operators.parseLog",
            "metadata": {
                "label": "Parse Logs",
                "x": 788.9999961853027,
                "y": 67.50000023841858,
                "height": 80,
                "width": 120,
                "extensible": true,
                "config": {
                    "sleep": 0,
                    "marker_map": "json_dict: 'BATCH ENDED*"
                }
            }
        },
        "graphterminator1": {
            "component": "com.sap.util.graphTerminator",
            "metadata": {
                "label": "Graph Terminator",
                "x": 1142.9999952316284,
                "y": 82,
                "height": 80,
                "width": 120,
                "config": {}
            }
        },
        "searchkeywords1": {
            "component": "textanalysis.keyword_search",
            "metadata": {
                "label": "Search Keywords",
                "x": 423,
                "y": 138,
                "height": 80,
                "width": 120,
                "extensible": true,
                "config": {
                    "debug_mode": true
                }
            }
        }
    },
    "groups": [],
    "connections": [
        {
            "metadata": {
                "points": "141,71 168.99999952316284,71 168.99999952316284,62 196.99999904632568,62"
            },
            "src": {
                "port": "outFile",
                "process": "readfile1"
            },
            "tgt": {
                "port": "stream",
                "process": "csvstreamtodict1"
            }
        },
        {
            "metadata": {
                "points": "141,191 168.99999952316284,191 168.99999952316284,182 196.99999904632568,182"
            },
            "src": {
                "port": "outFile",
                "process": "readfile2"
            },
            "tgt": {
                "port": "stream",
                "process": "jsonstreamtodict1"
            }
        },
        {
            "metadata": {
                "points": "325.9999990463257,53 353.9999985694885,53 353.9999985694885,26 413.99999809265137,26"
            },
            "src": {
                "port": "log",
                "process": "csvstreamtodict1"
            },
            "tgt": {
                "port": "in1",
                "process": "51multiplexer1"
            }
        },
        {
            "metadata": {
                "points": "542.9999980926514,62 598.999997138977,62"
            },
            "src": {
                "port": "out1",
                "process": "51multiplexer1"
            },
            "tgt": {
                "port": "in",
                "process": "wiretap1"
            }
        },
        {
            "metadata": {
                "points": "325.9999990463257,173 369.9999985694885,173 369.9999985694885,44 413.99999809265137,44"
            },
            "src": {
                "port": "log",
                "process": "jsonstreamtodict1"
            },
            "tgt": {
                "port": "in2",
                "process": "51multiplexer1"
            }
        },
        {
            "metadata": {
                "points": "727.999997138977,182 755.9999966621399,182 755.9999966621399,175.49999976158142 940.9999957084656,175.49999976158142 940.9999957084656,131 968.9999952316284,131"
            },
            "src": {
                "port": "result",
                "process": "saphanaclient1"
            },
            "tgt": {
                "port": "data",
                "process": "gate1"
            }
        },
        {
            "metadata": {
                "points": "727.999997138977,62 755.9999966621399,62 755.9999966621399,107.50000023841858 783.9999961853027,107.50000023841858"
            },
            "src": {
                "port": "out",
                "process": "wiretap1"
            },
            "tgt": {
                "port": "log",
                "process": "parselogs1"
            }
        },
        {
            "metadata": {
                "points": "912.9999961853027,125.50000023841858 940.9999957084656,125.50000023841858 940.9999957084656,113 968.9999952316284,113"
            },
            "src": {
                "port": "index",
                "process": "parselogs1"
            },
            "tgt": {
                "port": "limit",
                "process": "gate1"
            }
        },
        {
            "metadata": {
                "points": "1097.9999952316284,122 1137.9999952316284,122"
            },
            "src": {
                "port": "trigger",
                "process": "gate1"
            },
            "tgt": {
                "port": "stop",
                "process": "graphterminator1"
            }
        },
        {
            "metadata": {
                "points": "325.9999990463257,191 372,191 372,187 418,187"
            },
            "src": {
                "port": "data",
                "process": "jsonstreamtodict1"
            },
            "tgt": {
                "port": "articles",
                "process": "searchkeywords1"
            }
        },
        {
            "metadata": {
                "points": "325.9999990463257,71 372,71 372,169 418,169"
            },
            "src": {
                "port": "data",
                "process": "csvstreamtodict1"
            },
            "tgt": {
                "port": "keywords",
                "process": "searchkeywords1"
            }
        },
        {
            "metadata": {
                "points": "547,169 597,169 597,115.5 364,115.5 364,62 413.99999809265137,62"
            },
            "src": {
                "port": "log",
                "process": "searchkeywords1"
            },
            "tgt": {
                "port": "in3",
                "process": "51multiplexer1"
            }
        },
        {
            "metadata": {
                "points": "547,187 573,187 573,191 599,191"
            },
            "src": {
                "port": "data",
                "process": "searchkeywords1"
            },
            "tgt": {
                "port": "data",
                "process": "saphanaclient1"
            }
        }
    ],
    "inports": {},
    "outports": {}
}