{
    "$schema": "http://json-schema.org/draft-06/schema#",
    "$id": "http://sap.com/vflow/textanalysis.word_index_regex.configSchema.json",
    "type": "object",
    "properties": {
        "codelanguage": {
            "type": "string"
        },
        "script": {
            "type": "string"
        },
        "debug_mode": {
            "title": "Debug mode",
            "description": "Sending debug level information to log port",
            "type": "boolean"
        },
        "word_type": {
            "title": "Word types",
            "description": "Setting word type selection for delete",
            "type": "string"
        },
        "language_filter": {
            "title": "Language filter",
            "description": "Filter for languages of media.",
            "type": "string"
        },
        "patterns": {
            "title": "Regular expression patterns",
            "description": "Regular expression patterns",
            "type": "string"
        }
    }
}