{
    "description": "Topic dispatcher",
    "component": "com.sap.system.python3Operator",
    "inports": [
        {
            "name": "articles",
            "type": "message",
            "description": "Message with list of words"
        }
    ],
    "outports": [
        {
            "name": "log",
            "type": "string",
            "description": "Logging data"
        },
        {
            "name": "words",
            "type": "message",
            "description": "message with body is dictionary"
        }
    ],
    "config": {
        "$type": "http://sap.com/vflow/textanalysis.word_indexing.configSchema.json",
        "script": "file://word_indexing.py",
        "debug_mode": true
    },
    "tags": {
        "sdi_utils": ""
    },
    "iconsrc": "word_indexing.svg"
}