{
    "properties": {},
    "description": "Frequent Words of Time Period V2",
    "processes": {
        "readfile1": {
            "component": "com.sap.storage.read",
            "metadata": {
                "label": "Onlinemedia",
                "x": 17,
                "y": 151,
                "height": 80,
                "width": 120,
                "config": {
                    "service": "SDL",
                    "path": "/shared/onlinemedia_texts",
                    "pollPeriodInMs": "100000000",
                    "pattern": "Spiegel.*"
                }
            }
        },
        "jsonstreamtodict1": {
            "component": "sdi_utils_operators.json_dict",
            "metadata": {
                "label": "JSON stream to dict",
                "x": 201.99999904632568,
                "y": 151,
                "height": 80,
                "width": 120,
                "extensible": true,
                "config": {
                    "debug_mode": true
                }
            }
        },
        "readfile2": {
            "component": "com.sap.storage.read",
            "metadata": {
                "label": "Blacklist",
                "x": 17,
                "y": 31,
                "height": 80,
                "width": 120,
                "config": {
                    "service": "SDL",
                    "path": "/shared/word_repositories/blacklist.txt",
                    "pollPeriodInMs": "1000000"
                }
            }
        },
        "linetoarray1": {
            "component": "sdi_utils_operators.line_array",
            "metadata": {
                "label": "Line to array",
                "x": 201.99999904632568,
                "y": 31,
                "height": 80,
                "width": 120,
                "extensible": true,
                "config": {
                    "lexicographical": true
                }
            }
        },
        "wiretap1": {
            "component": "com.sap.util.wiretap",
            "metadata": {
                "label": "Wiretap",
                "x": 788.9999961853027,
                "y": 31,
                "height": 80,
                "width": 120,
                "ui": "dynpath",
                "config": {}
            }
        },
        "51multiplexer1": {
            "component": "com.sap.system.multiplexer.5-1",
            "metadata": {
                "label": "5:1 Multiplexer",
                "x": 603.999997138977,
                "y": 12,
                "height": 118,
                "width": 120,
                "extensible": true,
                "config": {},
                "additionalinports": [
                    {
                        "name": "input1",
                        "type": "string"
                    }
                ]
            }
        },
        "graphterminator1": {
            "component": "com.sap.util.graphTerminator",
            "metadata": {
                "label": "Graph Terminator",
                "x": 788.9999961853027,
                "y": 151,
                "height": 80,
                "width": 120,
                "config": {}
            }
        },
        "saphanaclient1": {
            "component": "com.sap.hana.client2",
            "metadata": {
                "label": "SAP HANA Client",
                "x": 603.999997138977,
                "y": 170,
                "height": 80,
                "width": 120,
                "config": {
                    "tableName": "word_frequencies2",
                    "tableColumns": [
                        {
                            "name": "date",
                            "type": "DATE"
                        },
                        {
                            "name": "days_into_past",
                            "type": "INTEGER"
                        },
                        {
                            "name": "language",
                            "type": "NVARCHAR",
                            "size": 3
                        },
                        {
                            "name": "media",
                            "type": "NVARCHAR",
                            "size": 50
                        },
                        {
                            "name": "mode",
                            "type": "NVARCHAR",
                            "size": 15
                        },
                        {
                            "name": "index",
                            "type": "INTEGER"
                        },
                        {
                            "name": "word",
                            "type": "NVARCHAR",
                            "size": 80
                        },
                        {
                            "name": "frequency",
                            "type": "INTEGER"
                        }
                    ],
                    "inputFormat": "JSON",
                    "initTable": "Truncate",
                    "connection": {
                        "configurationType": "Configuration Manager",
                        "connectionID": "EU_HANA"
                    },
                    "insertMode": "INSERT"
                }
            }
        },
        "wordfrequency1": {
            "component": "textanalysis.word_frequency",
            "metadata": {
                "label": "Word Frequency",
                "x": 402.99999809265137,
                "y": 113.99999976158142,
                "height": 80,
                "width": 120,
                "extensible": true,
                "config": {
                    "language": "G",
                    "mode": "PROPN",
                    "debug_mode": true,
                    "collect": true,
                    "limit": 200,
                    "days_into_past": 14
                }
            }
        }
    },
    "groups": [],
    "connections": [
        {
            "metadata": {
                "points": "141,200 168.99999952316284,200 168.99999952316284,191 196.99999904632568,191"
            },
            "src": {
                "port": "outFile",
                "process": "readfile1"
            },
            "tgt": {
                "port": "stream",
                "process": "jsonstreamtodict1"
            }
        },
        {
            "metadata": {
                "points": "141,80 168.99999952316284,80 168.99999952316284,71 196.99999904632568,71"
            },
            "src": {
                "port": "outFile",
                "process": "readfile2"
            },
            "tgt": {
                "port": "stream",
                "process": "linetoarray1"
            }
        },
        {
            "metadata": {
                "points": "727.999997138977,71 783.9999961853027,71"
            },
            "src": {
                "port": "out1",
                "process": "51multiplexer1"
            },
            "tgt": {
                "port": "in",
                "process": "wiretap1"
            }
        },
        {
            "metadata": {
                "points": "325.9999990463257,62 353.9999985694885,62 353.9999985694885,68.00000023841858 554.9999976158142,68.00000023841858 554.9999976158142,26 598.999997138977,26"
            },
            "src": {
                "port": "log",
                "process": "linetoarray1"
            },
            "tgt": {
                "port": "in1",
                "process": "51multiplexer1"
            }
        },
        {
            "metadata": {
                "points": "325.9999990463257,182 353.9999985694885,182 353.9999985694885,85.00000023841858 570.9999976158142,85.00000023841858 570.9999976158142,44 598.999997138977,44"
            },
            "src": {
                "port": "log",
                "process": "jsonstreamtodict1"
            },
            "tgt": {
                "port": "in2",
                "process": "51multiplexer1"
            }
        },
        {
            "metadata": {
                "points": "325.9999990463257,200 369.9999985694885,200 369.9999985694885,162.99999976158142 397.99999809265137,162.99999976158142"
            },
            "src": {
                "port": "data",
                "process": "jsonstreamtodict1"
            },
            "tgt": {
                "port": "articles",
                "process": "wordfrequency1"
            }
        },
        {
            "metadata": {
                "points": "325.9999990463257,80 369.9999985694885,80 369.9999985694885,144.99999976158142 397.99999809265137,144.99999976158142"
            },
            "src": {
                "port": "data",
                "process": "linetoarray1"
            },
            "tgt": {
                "port": "blacklist",
                "process": "wordfrequency1"
            }
        },
        {
            "metadata": {
                "points": "526.9999980926514,162.99999976158142 554.9999976158142,162.99999976158142 554.9999976158142,219 598.999997138977,219"
            },
            "src": {
                "port": "data",
                "process": "wordfrequency1"
            },
            "tgt": {
                "port": "data",
                "process": "saphanaclient1"
            }
        },
        {
            "metadata": {
                "points": "526.9999980926514,144.99999976158142 554.9999976158142,144.99999976158142 554.9999976158142,116 598.999997138977,116"
            },
            "src": {
                "port": "log",
                "process": "wordfrequency1"
            },
            "tgt": {
                "port": "input1",
                "process": "51multiplexer1"
            }
        },
        {
            "metadata": {
                "points": "727.999997138977,210 755.9999966621399,210 755.9999966621399,191 783.9999961853027,191"
            },
            "src": {
                "port": "result",
                "process": "saphanaclient1"
            },
            "tgt": {
                "port": "stop",
                "process": "graphterminator1"
            }
        }
    ],
    "inports": {},
    "outports": {}
}