{
    "description": "Text Cleansing",
    "component": "com.sap.system.python3Operator",
    "inports": [
        {
            "name": "blacklist",
            "type": "message.list"
        },
        {
            "name": "articles",
            "type": "message.dicts"
        }
    ],
    "outports": [
        {
            "name": "log",
            "type": "string"
        },
        {
            "name": "data",
            "type": "message.table"
        }
    ],
    "iconsrc": "textcleansing.svg",
    "config": {
        "$type": "http://sap.com/vflow/textanalysis.text_cleansing.configSchema.json",
        "counter": false,
        "debug_mode": false,
        "language": "None",
        "max_word_len": 80,
        "mode": "PN",
        "script": "file://text_cleasing.py"
    },
    "tags": {
        "sdi_utils": "",
        "spacy": ""
    }
}