{
    "properties": {},
    "iconsrc": "",
    "description": "Upload Topics Upsert",
    "processes": {
        "readfile1": {
            "component": "com.sap.storage.read",
            "metadata": {
                "label": "Read File",
                "x": 17,
                "y": 72,
                "height": 80,
                "width": 120,
                "config": {
                    "service": "SDL",
                    "path": "/shared/word_repositories/algo_topics.csv",
                    "pollPeriodInMs": "10000000"
                }
            }
        },
        "betawritehanatable1": {
            "component": "com.sap.hana.writeTable",
            "metadata": {
                "label": "[BETA] Write HANA Table",
                "x": 741.9999990463257,
                "y": 235,
                "height": 80,
                "width": 120,
                "config": {
                    "configMode": "Static (from configuration)",
                    "connection": {
                        "configurationType": "Configuration Manager",
                        "connectionID": "EU_HANA"
                    },
                    "tableName": "DIPROJECTS.TOPICS",
                    "statementType": "INSERT"
                }
            }
        },
        "csvstreamtotable1": {
            "component": "sdi_utils_operators.csv_table",
            "metadata": {
                "label": "csv stream to table",
                "x": 201.99999904632568,
                "y": 12,
                "height": 80,
                "width": 120,
                "extensible": true,
                "config": {
                    "debug_mode": true,
                    "has_header": true
                }
            }
        },
        "wiretap1": {
            "component": "com.sap.util.wiretap",
            "metadata": {
                "label": "Wiretap",
                "x": 756.999997138977,
                "y": 12,
                "height": 80,
                "width": 120,
                "ui": "dynpath",
                "config": {}
            }
        },
        "31multiplexer1": {
            "component": "com.sap.system.multiplexer.3-1",
            "metadata": {
                "label": "3:1 Multiplexer",
                "x": 587.999997138977,
                "y": 12,
                "height": 80,
                "width": 120,
                "extensible": true,
                "config": {}
            }
        },
        "tostringconverter1": {
            "component": "com.sap.util.toStringConverter",
            "metadata": {
                "label": "ToString Converter",
                "x": 437.49999809265137,
                "y": 41.49999976158142,
                "height": 50,
                "width": 50,
                "config": {}
            }
        },
        "saphanaclient1": {
            "component": "com.sap.hana.client2",
            "metadata": {
                "label": "SAP HANA Client",
                "x": 587.999997138977,
                "y": 132,
                "height": 80,
                "width": 120,
                "config": {
                    "connection": {
                        "configurationType": "Configuration Manager",
                        "connectionID": "EU_HANA"
                    },
                    "tableName": "TOPICS",
                    "tableColumns": [
                        {
                            "name": "TOPIC",
                            "type": "NVARCHAR",
                            "size": 80
                        },
                        {
                            "name": "LANGUAGE",
                            "type": "NVARCHAR",
                            "size": 3
                        },
                        {
                            "name": "TYPE",
                            "type": "NVARCHAR",
                            "size": 10
                        },
                        {
                            "name": "DATE",
                            "type": "DATE"
                        },
                        {
                            "name": "EXPERIY_DATE",
                            "type": "DATE"
                        },
                        {
                            "name": "ATTRIBUTE",
                            "type": "NVARCHAR",
                            "size": 15
                        },
                        {
                            "name": "KEYWORD_1",
                            "type": "NVARCHAR",
                            "size": 80
                        },
                        {
                            "name": "KEYWORD_2",
                            "type": "NVARCHAR",
                            "size": 80
                        },
                        {
                            "name": "KEYWORD_3",
                            "type": "NVARCHAR",
                            "size": 80
                        },
                        {
                            "name": "KEYWORD_4",
                            "type": "NVARCHAR",
                            "size": 80
                        },
                        {
                            "name": "KEYWORD_5",
                            "type": "NVARCHAR",
                            "size": 80
                        },
                        {
                            "name": "KEYWORD_6",
                            "type": "NVARCHAR",
                            "size": 80
                        },
                        {
                            "name": "KEYWORD_7",
                            "type": "NVARCHAR",
                            "size": 80
                        },
                        {
                            "name": "KEYWORD_8",
                            "type": "NVARCHAR",
                            "size": 80
                        },
                        {
                            "name": "KEYWORD_9",
                            "type": "NVARCHAR",
                            "size": 80
                        },
                        {
                            "name": "KEYWORD_10",
                            "type": "NVARCHAR",
                            "size": 80
                        }
                    ],
                    "csvHeader": "Ignore",
                    "insertMode": "UPSERT",
                    "initTable": "Create"
                }
            }
        },
        "tabletocsvstream1": {
            "component": "sdi_utils_operators.table.table_to_csv",
            "metadata": {
                "label": "table to csv stream",
                "x": 358.99999809265137,
                "y": 226.49999976158142,
                "height": 80,
                "width": 120,
                "extensible": true,
                "config": {}
            }
        },
        "graphterminator1": {
            "component": "com.sap.util.graphTerminator",
            "metadata": {
                "label": "Graph Terminator",
                "x": 756.999997138977,
                "y": 132,
                "height": 80,
                "width": 120,
                "config": {}
            }
        }
    },
    "groups": [],
    "connections": [
        {
            "metadata": {
                "points": "325.9999990463257,43 353.9999985694885,43 353.9999985694885,12.500000238418579 554.9999976158142,12.500000238418579 554.9999976158142,34 582.999997138977,34"
            },
            "src": {
                "port": "log",
                "process": "csvstreamtotable1"
            },
            "tgt": {
                "port": "in1",
                "process": "31multiplexer1"
            }
        },
        {
            "metadata": {
                "points": "711.999997138977,52 751.999997138977,52"
            },
            "src": {
                "port": "out1",
                "process": "31multiplexer1"
            },
            "tgt": {
                "port": "in",
                "process": "wiretap1"
            }
        },
        {
            "metadata": {
                "points": "491.49999809265137,66.49999976158142 554.9999976158142,66.49999976158142 554.9999976158142,52 582.999997138977,52"
            },
            "src": {
                "port": "outstring",
                "process": "tostringconverter1"
            },
            "tgt": {
                "port": "in2",
                "process": "31multiplexer1"
            }
        },
        {
            "metadata": {
                "points": "865.9999990463257,284 916,284 916,179.75 382.5,179.75 382.5,75.5 432.49999809265137,75.49999976158142"
            },
            "src": {
                "port": "error",
                "process": "betawritehanatable1"
            },
            "tgt": {
                "port": "inmessage",
                "process": "tostringconverter1"
            }
        },
        {
            "metadata": {
                "points": "325.9999990463257,61 340,61 340,266.5 353.99999809265137,266.4999997615814"
            },
            "src": {
                "port": "data",
                "process": "csvstreamtotable1"
            },
            "tgt": {
                "port": "data",
                "process": "tabletocsvstream1"
            }
        },
        {
            "metadata": {
                "points": "482.99999809265137,257.4999997615814 533,257.5 533,70 582.999997138977,70"
            },
            "src": {
                "port": "log",
                "process": "tabletocsvstream1"
            },
            "tgt": {
                "port": "in3",
                "process": "31multiplexer1"
            }
        },
        {
            "metadata": {
                "points": "141,121 168.99999952316284,121 168.99999952316284,52 196.99999904632568,52"
            },
            "src": {
                "port": "outFile",
                "process": "readfile1"
            },
            "tgt": {
                "port": "stream",
                "process": "csvstreamtotable1"
            }
        },
        {
            "metadata": {
                "points": "711.999997138977,172 751.999997138977,172"
            },
            "src": {
                "port": "result",
                "process": "saphanaclient1"
            },
            "tgt": {
                "port": "stop",
                "process": "graphterminator1"
            }
        },
        {
            "metadata": {
                "points": "482.99999809265137,275.4999997615814 533,275.5 533,181 582.999997138977,181"
            },
            "src": {
                "port": "csv",
                "process": "tabletocsvstream1"
            },
            "tgt": {
                "port": "data",
                "process": "saphanaclient1"
            }
        }
    ],
    "inports": {},
    "outports": {}
}