{
    "description": "csv stream to table",
    "component": "com.sap.system.python3Operator",
    "inports": [
        {
            "name": "stream",
            "type": "message"
        }
    ],
    "outports": [
        {
            "name": "log",
            "type": "string"
        },
        {
            "name": "data",
            "type": "message.table"
        }
    ],
    "iconsrc": "csv_table.svg",
    "config": {
        "$type": "http://sap.com/vflow/sdi_utils_operators.csv_table.configSchema.json",
        "collect": false,
        "debug_mode": false,
        "has_header": false,
        "script": "file://csv_table.py",
        "separator": ","
    },
    "tags": {
        "sdi_utils": ""
    }
}