{
    "properties": {},
    "description": "WordIndex3",
    "processes": {
        "readfile1": {
            "component": "com.sap.storage.read",
            "metadata": {
                "label": "blacklist.txt",
                "x": 17,
                "y": 26.49999976158142,
                "height": 80,
                "width": 120,
                "config": {
                    "service": "SDL",
                    "path": "/shared/word_repositories/blacklist.txt",
                    "pollPeriodInMs": "10000000"
                }
            }
        },
        "readfile2": {
            "component": "com.sap.storage.read",
            "metadata": {
                "label": "Lexicon.csv",
                "x": 17,
                "y": 146.49999976158142,
                "height": 80,
                "width": 120,
                "config": {
                    "service": "SDL",
                    "path": "/shared/word_repositories/lexicon.csv",
                    "pollPeriodInMs": "10000000"
                }
            }
        },
        "readfile3": {
            "component": "com.sap.storage.read",
            "metadata": {
                "label": "onlinemedia",
                "x": 17,
                "y": 266.4999997615814,
                "height": 80,
                "width": 120,
                "config": {
                    "service": "SDL",
                    "path": "/shared/onlinemedia_texts",
                    "pollPeriodInMs": "10000000"
                }
            }
        },
        "wordextraction1": {
            "component": "textanalysis.word_extraction",
            "metadata": {
                "label": "Word Extraction",
                "x": 450.99999809265137,
                "y": 163.49999976158142,
                "height": 80,
                "width": 120,
                "extensible": true,
                "config": {
                    "debug_mode": true,
                    "counter": true,
                    "use_blacklist": true,
                    "use_lexicon": true,
                    "min_word_len": 3
                }
            }
        },
        "linetoarray1": {
            "component": "sdi_utils_operators.line_array",
            "metadata": {
                "label": "Line to array",
                "x": 217.99999904632568,
                "y": 12,
                "height": 80,
                "width": 120,
                "extensible": true,
                "config": {
                    "debug_mode": true,
                    "collect": false
                }
            }
        },
        "csvstreamtotable1": {
            "component": "sdi_utils_operators.csv_table",
            "metadata": {
                "label": "csv stream to table",
                "x": 217.99999904632568,
                "y": 132,
                "height": 80,
                "width": 120,
                "extensible": true,
                "config": {
                    "debug_mode": true,
                    "has_header": true
                }
            }
        },
        "jsonstreamtodict1": {
            "component": "sdi_utils_operators.json_dict",
            "metadata": {
                "label": "JSON stream to dict",
                "x": 217.99999904632568,
                "y": 252,
                "height": 80,
                "width": 120,
                "extensible": true,
                "config": {
                    "collect": false
                }
            }
        },
        "51multiplexer1": {
            "component": "com.sap.system.multiplexer.5-1",
            "metadata": {
                "label": "5:1 Multiplexer",
                "x": 852.9999961853027,
                "y": 68.00000023841858,
                "height": 100,
                "width": 120,
                "extensible": true,
                "config": {}
            }
        },
        "wordindexing1": {
            "component": "textanalysis.word_indexing",
            "metadata": {
                "label": "Word Indexing",
                "x": 635.999997138977,
                "y": 171.99999976158142,
                "height": 80,
                "width": 120,
                "extensible": true,
                "config": {}
            }
        },
        "betawritehanatable1": {
            "component": "com.sap.hana.writeTable",
            "metadata": {
                "label": "Write WORD_INDEX",
                "x": 852.9999961853027,
                "y": 224.99999928474426,
                "height": 80,
                "width": 120,
                "config": {
                    "connection": {
                        "configurationType": "Configuration Manager",
                        "connectionID": "EU_HANA"
                    },
                    "configMode": "Static (from configuration)",
                    "tableName": "WORD_INDEX3",
                    "statementType": "UPSERT"
                }
            }
        },
        "gate1": {
            "component": "sdi_utils_operators.gate.count_gate",
            "metadata": {
                "label": "Gate",
                "x": 1037.9999952316284,
                "y": 206.49999976158142,
                "height": 80,
                "width": 120,
                "extensible": true,
                "config": {
                    "limit": 1000000,
                    "attribute": "storage.fileCount"
                }
            }
        },
        "graphterminator1": {
            "component": "com.sap.util.graphTerminator",
            "metadata": {
                "label": "Graph Terminator",
                "x": 1222.999994277954,
                "y": 146.49999976158142,
                "height": 80,
                "width": 120,
                "config": {}
            }
        },
        "wiretap1": {
            "component": "com.sap.util.wiretap",
            "metadata": {
                "label": "Wiretap",
                "x": 1037.9999952316284,
                "y": 86.49999976158142,
                "height": 80,
                "width": 120,
                "ui": "dynpath",
                "config": {}
            }
        }
    },
    "groups": [],
    "connections": [
        {
            "metadata": {
                "points": "141,75.49999976158142 168.99999952316284,75.49999976158142 168.99999952316284,52 212.99999904632568,52"
            },
            "src": {
                "port": "outFile",
                "process": "readfile1"
            },
            "tgt": {
                "port": "stream",
                "process": "linetoarray1"
            }
        },
        {
            "metadata": {
                "points": "341.9999990463257,61 401.9999985694885,61 401.9999985694885,185.49999976158142 445.99999809265137,185.49999976158142"
            },
            "src": {
                "port": "data",
                "process": "linetoarray1"
            },
            "tgt": {
                "port": "blacklist",
                "process": "wordextraction1"
            }
        },
        {
            "metadata": {
                "points": "141,195.49999976158142 168.99999952316284,195.49999976158142 168.99999952316284,172 212.99999904632568,172"
            },
            "src": {
                "port": "outFile",
                "process": "readfile2"
            },
            "tgt": {
                "port": "stream",
                "process": "csvstreamtotable1"
            }
        },
        {
            "metadata": {
                "points": "341.9999990463257,181 369.9999985694885,181 369.9999985694885,203.49999976158142 445.99999809265137,203.49999976158142"
            },
            "src": {
                "port": "data",
                "process": "csvstreamtotable1"
            },
            "tgt": {
                "port": "lexicon",
                "process": "wordextraction1"
            }
        },
        {
            "metadata": {
                "points": "141,315.4999997615814 168.99999952316284,315.4999997615814 168.99999952316284,292 212.99999904632568,292"
            },
            "src": {
                "port": "outFile",
                "process": "readfile3"
            },
            "tgt": {
                "port": "stream",
                "process": "jsonstreamtodict1"
            }
        },
        {
            "metadata": {
                "points": "341.9999990463257,301 401.9999985694885,301 401.9999985694885,221.49999976158142 445.99999809265137,221.49999976158142"
            },
            "src": {
                "port": "data",
                "process": "jsonstreamtodict1"
            },
            "tgt": {
                "port": "articles",
                "process": "wordextraction1"
            }
        },
        {
            "metadata": {
                "points": "341.9999990463257,43 417.9999985694885,43 417.9999985694885,100.50000023841858 602.9999976158142,100.50000023841858 602.9999976158142,92.00000023841858 787.9999966621399,92.00000023841858 787.9999966621399,82.00000023841858 847.9999961853027,82.00000023841858"
            },
            "src": {
                "port": "log",
                "process": "linetoarray1"
            },
            "tgt": {
                "port": "in1",
                "process": "51multiplexer1"
            }
        },
        {
            "metadata": {
                "points": "341.9999990463257,163 369.9999985694885,163 369.9999985694885,117.50000023841858 602.9999976158142,117.50000023841858 602.9999976158142,109.00000023841858 787.9999966621399,109.00000023841858 787.9999966621399,100.00000023841858 847.9999961853027,100.00000023841858"
            },
            "src": {
                "port": "log",
                "process": "csvstreamtotable1"
            },
            "tgt": {
                "port": "in2",
                "process": "51multiplexer1"
            }
        },
        {
            "metadata": {
                "points": "341.9999990463257,283 385.9999985694885,283 385.9999985694885,134.50000023841858 602.9999976158142,134.50000023841858 602.9999976158142,126.00000023841858 787.9999966621399,126.00000023841858 787.9999966621399,118.00000023841858 847.9999961853027,118.00000023841858"
            },
            "src": {
                "port": "log",
                "process": "jsonstreamtodict1"
            },
            "tgt": {
                "port": "in3",
                "process": "51multiplexer1"
            }
        },
        {
            "metadata": {
                "points": "574.9999980926514,194.49999976158142 602.9999976158142,194.49999976158142 602.9999976158142,143.00000023841858 787.9999966621399,143.00000023841858 787.9999966621399,136.00000023841858 847.9999961853027,136.00000023841858"
            },
            "src": {
                "port": "log",
                "process": "wordextraction1"
            },
            "tgt": {
                "port": "in4",
                "process": "51multiplexer1"
            }
        },
        {
            "metadata": {
                "points": "574.9999980926514,212.49999976158142 602.9999976158142,212.49999976158142 602.9999976158142,211.99999976158142 630.999997138977,211.99999976158142"
            },
            "src": {
                "port": "data",
                "process": "wordextraction1"
            },
            "tgt": {
                "port": "articles",
                "process": "wordindexing1"
            }
        },
        {
            "metadata": {
                "points": "759.999997138977,202.99999976158142 787.9999966621399,202.99999976158142 787.9999966621399,154.00000023841858 847.9999961853027,154.00000023841858"
            },
            "src": {
                "port": "log",
                "process": "wordindexing1"
            },
            "tgt": {
                "port": "in5",
                "process": "51multiplexer1"
            }
        },
        {
            "metadata": {
                "points": "759.999997138977,220.99999976158142 819.9999966621399,220.99999976158142 819.9999966621399,264.99999928474426 847.9999961853027,264.99999928474426"
            },
            "src": {
                "port": "words",
                "process": "wordindexing1"
            },
            "tgt": {
                "port": "input",
                "process": "betawritehanatable1"
            }
        },
        {
            "metadata": {
                "points": "141,297.4999997615814 184.99999952316284,297.4999997615814 184.99999952316284,359.99999952316284 417.9999985694885,359.99999952316284 417.9999985694885,271.49999928474426 602.9999976158142,271.49999928474426 602.9999976158142,279.99999928474426 803.9999966621399,279.99999928474426 803.9999966621399,195.99999976158142 1004.9999957084656,195.99999976158142 1004.9999957084656,246.49999976158142 1032.9999952316284,246.49999976158142"
            },
            "src": {
                "port": "outFilename",
                "process": "readfile3"
            },
            "tgt": {
                "port": "attributes",
                "process": "gate1"
            }
        },
        {
            "metadata": {
                "points": "976.9999961853027,255.99999928474426 1004.9999957084656,255.99999928474426 1004.9999957084656,264.4999997615814 1032.9999952316284,264.4999997615814"
            },
            "src": {
                "port": "success",
                "process": "betawritehanatable1"
            },
            "tgt": {
                "port": "data",
                "process": "gate1"
            }
        },
        {
            "metadata": {
                "points": "1161.9999952316284,246.49999976158142 1189.9999947547913,246.49999976158142 1189.9999947547913,186.49999976158142 1217.999994277954,186.49999976158142"
            },
            "src": {
                "port": "trigger",
                "process": "gate1"
            },
            "tgt": {
                "port": "stop",
                "process": "graphterminator1"
            }
        },
        {
            "metadata": {
                "points": "976.9999961853027,118.00000023841858 1004.9999957084656,118.00000023841858 1004.9999957084656,126.49999976158142 1032.9999952316284,126.49999976158142"
            },
            "src": {
                "port": "out1",
                "process": "51multiplexer1"
            },
            "tgt": {
                "port": "in",
                "process": "wiretap1"
            }
        }
    ],
    "inports": {},
    "outports": {}
}