{
    "properties": {},
    "description": "Upload Keywords",
    "processes": {
        "readfile1": {
            "component": "com.sap.storage.read",
            "metadata": {
                "label": "Read File",
                "x": 367,
                "y": 163,
                "height": 80,
                "width": 120,
                "config": {
                    "service": "SDL",
                    "path": "/shared/word_repositories/keywords.csv"
                }
            }
        },
        "saphanaclient1": {
            "component": "com.sap.hana.client2",
            "metadata": {
                "label": "SAP HANA Client",
                "x": 569,
                "y": 163,
                "height": 80,
                "width": 120,
                "config": {
                    "connection": {
                        "configurationType": "Configuration Manager",
                        "connectionID": "EU_HANA"
                    },
                    "tableName": "keywords",
                    "tableColumns": [
                        {
                            "name": "keyword",
                            "type": "NVARCHAR",
                            "size": 80
                        },
                        {
                            "name": "language",
                            "type": "NVARCHAR",
                            "size": 3
                        },
                        {
                            "name": "type",
                            "type": "NVARCHAR",
                            "size": 10
                        },
                        {
                            "name": "date",
                            "type": "DATE"
                        },
                        {
                            "name": "experiy_date",
                            "type": "DATE"
                        },
                        {
                            "name": "attribute",
                            "type": "NVARCHAR",
                            "size": 50
                        }
                    ],
                    "csvComma": ",",
                    "csvHeader": "Use as schema",
                    "initTable": "Truncate"
                }
            }
        },
        "graphterminator1": {
            "component": "com.sap.util.graphTerminator",
            "metadata": {
                "label": "Graph Terminator",
                "x": 788,
                "y": 163,
                "height": 80,
                "width": 120,
                "config": {}
            }
        }
    },
    "groups": [],
    "connections": [
        {
            "metadata": {
                "points": "491,212 564,212"
            },
            "src": {
                "port": "outFile",
                "process": "readfile1"
            },
            "tgt": {
                "port": "data",
                "process": "saphanaclient1"
            }
        },
        {
            "metadata": {
                "points": "693,203 783,203"
            },
            "src": {
                "port": "result",
                "process": "saphanaclient1"
            },
            "tgt": {
                "port": "stop",
                "process": "graphterminator1"
            }
        }
    ],
    "inports": {},
    "outports": {}
}