{
    "properties": {},
    "description": "Air Pollution Data from EAA",
    "processes": {
        "fromcsvtodataframe1": {
            "component": "sdi_pandas.fromCSV",
            "metadata": {
                "label": "From CSV to DataFrame",
                "x": 217.99999904632568,
                "y": 96.49999976158142,
                "height": 80,
                "width": 120,
                "extensible": true,
                "config": {
                    "separator": ",",
                    "keyword_args": "'error_bad_lines'= True, 'low_memory' = False, compression = None, thousands = None, encoding = 'ISO-8859-1' , parse_dates = True",
                    "use_columns": "network_countrycode, pollutant, samplingpoint_x, samplingpoint_y, coordsys, station_altitude,value_datetime_end, value_numeric ",
                    "todatetime": "'value_datetime_end':'%Y-%m-%d %H:%M:%S'"
                }
            }
        },
        "wiretap1": {
            "component": "com.sap.util.wiretap",
            "metadata": {
                "label": "Wiretap",
                "x": 1005.9999952316284,
                "y": 37,
                "height": 80,
                "width": 120,
                "ui": "dynpath",
                "config": {}
            }
        },
        "12multiplexer1": {
            "component": "com.sap.system.multiplexer.1-2",
            "metadata": {
                "label": "1:2 Multiplexer",
                "x": 820.9999961853027,
                "y": 152,
                "height": 80,
                "width": 120,
                "extensible": true,
                "config": {}
            }
        },
        "tomessageconverter2": {
            "component": "com.sap.util.toMessageConverter",
            "metadata": {
                "label": "ToMessage Converter",
                "x": 1040.4999952316284,
                "y": 157,
                "height": 50,
                "width": 50,
                "config": {}
            }
        },
        "dropcolumns1": {
            "component": "sdi_pandas.dropColumns",
            "metadata": {
                "label": "Rename Columns",
                "x": 402.99999809265137,
                "y": 104.99999976158142,
                "height": 80,
                "width": 120,
                "extensible": true,
                "config": {
                    "rename_columns": "network_countrycode:country_code, samplingpoint_x:x, samplingpoint_y:y, station_altitude:altitude,value_datetime_end:datetime, value_numeric:value "
                }
            }
        },
        "51multiplexer1": {
            "component": "com.sap.system.multiplexer.5-1",
            "metadata": {
                "label": "5:1 Multiplexer",
                "x": 820.9999961853027,
                "y": 12,
                "height": 100,
                "width": 120,
                "extensible": true,
                "config": {}
            }
        },
        "saphanaclient1": {
            "component": "com.sap.hana.client2",
            "metadata": {
                "label": "SAP HANA Client",
                "x": 1164,
                "y": 197,
                "height": 80,
                "width": 120,
                "config": {
                    "connection": {
                        "configurationType": "Configuration Manager",
                        "connectionID": "EU_HANA"
                    },
                    "tableColumns": [
                        {
                            "name": "country_code",
                            "type": "VARCHAR",
                            "size": 2
                        },
                        {
                            "name": "pollutant",
                            "type": "VARCHAR",
                            "size": 10
                        },
                        {
                            "name": "x",
                            "type": "DOUBLE"
                        },
                        {
                            "name": " y",
                            "type": "DOUBLE"
                        },
                        {
                            "name": "coordsys",
                            "type": "VARCHAR",
                            "size": 10
                        },
                        {
                            "name": "datetime",
                            "type": "TIMESTAMP"
                        },
                        {
                            "name": " value",
                            "type": "DOUBLE"
                        },
                        {
                            "name": "altitude",
                            "type": "DOUBLE"
                        }
                    ],
                    "tableName": "EAA_POLLUTION",
                    "csvComma": ";",
                    "csvQuote": "\"",
                    "csvHeader": "Ignore",
                    "initTable": "Create"
                }
            }
        },
        "tocsvfromdataframe1": {
            "component": "sdi_pandas.toCSV",
            "metadata": {
                "label": "To CSV from DataFrame",
                "x": 587.999997138977,
                "y": 113.49999976158142,
                "height": 80,
                "width": 120,
                "extensible": true,
                "config": {
                    "keyword_args": "date_format='%Y-%m-%d %H:%M:%S'",
                    "debug_mode": true,
                    "script": "import sdi_utils.gensolution as gs\nimport sdi_utils.set_logging as slog\nimport sdi_utils.textfield_parser as tfp\n\nimport pandas as pd\n\ntry:\n    api\nexcept NameError:\n    class api:\n        class Message:\n            def __init__(self,body = None,attributes = \"\"):\n                self.body = body\n                self.attributes = attributes\n                \n        def send(port,msg) :\n            if isinstance(msg,api.Message) :\n                print('Port: ', port)\n                print('Attributes: ', msg.attributes)\n                print('Body: ', str(msg.body))\n            else :\n                print(str(msg))\n            return msg\n    \n        def call(config,msg):\n            api.config = config\n            return process(msg)\n            \n        def set_port_callback(port, callback) :\n            df = pd.DataFrame({'icol': [1, 2, 3, 4, 5], 'col 2': [1, 2, 3, 4, 5], 'col3': [100,200,300,400,500]})\n            attributes = {'format': 'csv','name':'DF_name'}\n            default_msg = api.Message(attributes=attributes,body = df)\n            callback(default_msg)\n    \n        class config:\n            ## Meta data\n            config_params = dict()\n            version = '0.0.1'\n            tags = {'pandas': '','sdi_utils':''}\n            operator_description = \"To CSV from DataFrame\"\n            operator_description_long = \"Creates a csv-formatted data passed to outport as message with the csv-string as body.\"\n            add_readme = dict()\n            add_readme[\"References\"] = r\"\"\"[pandas doc: to_csv](https://pandas.pydata.org/pandas-docs/stable/reference/api/pandas.DataFrame.to_csv.html)\"\"\"\n\n            debug_mode = True\n            config_params['debug_mode'] = {'title': 'Debug mode',\n                                           'description': 'Sending debug level information to log port',\n                                           'type': 'boolean'}\n            write_index = False\n            config_params['write_index'] = {'title': 'Write Index', 'description': 'Write index or ignore it', 'type': 'boolean'}\n            separator = ';'\n            config_params['separator'] = {'title': 'Separator', 'description': 'Separator', 'type': 'string'}\n            reset_index = False\n            config_params['reset_index'] = {'title': 'Reset Index', 'description': 'Reset index or indices', 'type': 'boolean'}\n\n            keyword_args = \"None\"\n            config_params['keyword_args'] = {'title': 'Keyword Arguments',\n                                             'description': 'Mapping of key-values passed as arguments \\\"to read_csv\\\"',\n                                             'type': 'string'}\n\ndef process(msg) :\n    att_dict = dict()\n    att_dict['config'] = dict()\n\n    att_dict['operator'] = 'anonymizeData'\n    logger, log_stream = slog.set_logging(att_dict['operator'])\n    if api.config.debug_mode == True:\n        logger.setLevel('DEBUG')\n        \n    logger.info('Process started')\n    # start custom process definition\n    df = msg.body\n    if api.config.reset_index :\n        logger.debug('Reset Index')\n        df = df.reset_index()\n\n    kwargs = tfp.read_dict(text=api.config.keyword_args, map_sep='=')\n\n    if not kwargs == None :\n        logger.debug('Additional arguments for <DataFrame.to_csv>: {}'.format(kwargs))\n        data_str = df.to_csv(sep=api.config.separator, index=api.config.write_index, **kwargs)\n    else :\n        data_str = df.to_csv(sep=api.config.separator, index=api.config.write_index)\n    # end custom process definition\n    logger.info('Process ended')\n    log = log_stream.getvalue()\n    return log, data_str\n\n\ninports = [{'name': 'data', 'type': 'message.DataFrame',\"description\":\"Input data\"}]\noutports = [{'name': 'log', 'type': 'string',\"description\":\"Logging data\"}, \\\n            {'name': 'csv', 'type': 'string',\"description\":\"Output data as csv\"}]\n\n\ndef call_on_input(msg) :\n    log, data_str = process(msg)\n    api.send(outports[0]['name'], log)\n    api.send(outports[1]['name'], data_str)\n\napi.set_port_callback(inports[0]['name'], call_on_input)\n\ndef main() :\n    print('Test: Default config and input')\n    api.set_port_callback(inports[0]['name'], call_on_input)\n\n    print('Test: Changed config and inupt')\n    config = api.config\n    config.write_index = False\n    config.reset_index = True\n\n    df = pd.DataFrame({'icol': [1, 2, 3, 4, 5], 'col 2': [1, 2, 3, 4, 5], 'col3': [100, 200, 300, 400, 500]})\n    df = df.set_index(keys=['icol'])\n    attributes = {'format': 'csv', 'name': 'DF_name'}\n    msg = api.Message(attributes=attributes,body=df)\n    log, data_str = api.call(config,msg)\n\n    print(data_str)\n\n"
                }
            }
        },
        "downloadairpollutiondatafromeea1": {
            "component": "eea_airpollution.getData",
            "metadata": {
                "label": "Download Air Pollution Data from EEA",
                "x": 17,
                "y": 142,
                "height": 80,
                "width": 120,
                "extensible": true,
                "config": {
                    "pollutants": "PM10",
                    "country_codes": "AD",
                    "debug_mode": true
                }
            }
        },
        "writefile1": {
            "component": "com.sap.storage.write",
            "metadata": {
                "label": "Write File",
                "x": 1190.999994277954,
                "y": 82,
                "height": 80,
                "width": 120,
                "config": {
                    "service": "SDL",
                    "mode": "create",
                    "path": "/shared/EAA_AirPollution/ap.csv"
                }
            }
        },
        "tomessageconverter1": {
            "component": "com.sap.util.toMessageConverter",
            "metadata": {
                "label": "ToMessage Converter",
                "x": 803,
                "y": -83,
                "height": 50,
                "width": 50,
                "config": {}
            }
        }
    },
    "groups": [],
    "connections": [
        {
            "metadata": {
                "points": "341.9999990463257,145.49999976158142 369.9999985694885,145.49999976158142 369.9999985694885,144.99999976158142 397.99999809265137,144.99999976158142"
            },
            "src": {
                "port": "data",
                "process": "fromcsvtodataframe1"
            },
            "tgt": {
                "port": "data",
                "process": "dropcolumns1"
            }
        },
        {
            "metadata": {
                "points": "341.9999990463257,127.49999976158142 369.9999985694885,127.49999976158142 369.9999985694885,76.00000023841858 554.9999976158142,76.00000023841858 554.9999976158142,67.50000023841858 755.9999966621399,67.50000023841858 755.9999966621399,44 815.9999961853027,44"
            },
            "src": {
                "port": "log",
                "process": "fromcsvtodataframe1"
            },
            "tgt": {
                "port": "in2",
                "process": "51multiplexer1"
            }
        },
        {
            "metadata": {
                "points": "526.9999980926514,135.99999976158142 554.9999976158142,135.99999976158142 554.9999976158142,84.50000023841858 771.9999966621399,84.50000023841858 771.9999966621399,62 815.9999961853027,62"
            },
            "src": {
                "port": "log",
                "process": "dropcolumns1"
            },
            "tgt": {
                "port": "in3",
                "process": "51multiplexer1"
            }
        },
        {
            "metadata": {
                "points": "944.9999961853027,62 972.9999957084656,62 972.9999957084656,77 1000.9999952316284,77"
            },
            "src": {
                "port": "out1",
                "process": "51multiplexer1"
            },
            "tgt": {
                "port": "in",
                "process": "wiretap1"
            }
        },
        {
            "metadata": {
                "points": "526.9999980926514,153.99999976158142 554.9999976158142,153.99999976158142 554.9999976158142,153.49999976158142 582.999997138977,153.49999976158142"
            },
            "src": {
                "port": "data",
                "process": "dropcolumns1"
            },
            "tgt": {
                "port": "data",
                "process": "tocsvfromdataframe1"
            }
        },
        {
            "metadata": {
                "points": "711.999997138977,144.49999976158142 787.9999966621399,144.49999976158142 787.9999966621399,80 815.9999961853027,80"
            },
            "src": {
                "port": "log",
                "process": "tocsvfromdataframe1"
            },
            "tgt": {
                "port": "in4",
                "process": "51multiplexer1"
            }
        },
        {
            "metadata": {
                "points": "711.999997138977,162.49999976158142 739.9999966621399,162.49999976158142 739.9999966621399,192 815.9999961853027,192"
            },
            "src": {
                "port": "csv",
                "process": "tocsvfromdataframe1"
            },
            "tgt": {
                "port": "in1",
                "process": "12multiplexer1"
            }
        },
        {
            "metadata": {
                "points": "141,191 184.99999952316284,191 184.99999952316284,136.49999976158142 212.99999904632568,136.49999976158142"
            },
            "src": {
                "port": "csv",
                "process": "downloadairpollutiondatafromeea1"
            },
            "tgt": {
                "port": "csv",
                "process": "fromcsvtodataframe1"
            }
        },
        {
            "metadata": {
                "points": "141,173 168.99999952316284,173 168.99999952316284,67.50000023841858 369.9999985694885,67.50000023841858 369.9999985694885,59.00000023841858 554.9999976158142,59.00000023841858 554.9999976158142,50.50000023841858 739.9999966621399,50.50000023841858 739.9999966621399,26 815.9999961853027,26"
            },
            "src": {
                "port": "log",
                "process": "downloadairpollutiondatafromeea1"
            },
            "tgt": {
                "port": "in1",
                "process": "51multiplexer1"
            }
        },
        {
            "metadata": {
                "points": "1094.4999952316284,182 1126.75,182 1126.75,246 1159,246"
            },
            "src": {
                "port": "out",
                "process": "tomessageconverter2"
            },
            "tgt": {
                "port": "data",
                "process": "saphanaclient1"
            }
        },
        {
            "metadata": {
                "points": "857,-58 1021.5,-58 1021.5,122 1185.999994277954,122"
            },
            "src": {
                "port": "out",
                "process": "tomessageconverter1"
            },
            "tgt": {
                "port": "inFile",
                "process": "writefile1"
            }
        },
        {
            "metadata": {
                "points": "944.9999961853027,201 990.25,201 990.25,191 1035.4999952316284,191"
            },
            "src": {
                "port": "out2",
                "process": "12multiplexer1"
            },
            "tgt": {
                "port": "instring",
                "process": "tomessageconverter2"
            }
        }
    ],
    "inports": {},
    "outports": {}
}