{
    "properties": {},
    "icon": "",
    "iconsrc": "word_indexing.svg",
    "description": "Word Indexing-1",
    "processes": {
        "readfile1": {
            "component": "com.sap.storage.read",
            "metadata": {
                "label": "Onlinemedia",
                "x": 17,
                "y": 159.49999952316284,
                "height": 80,
                "width": 120,
                "config": {
                    "service": "SDL",
                    "path": "/shared/onlinemedia_texts",
                    "pollPeriodInMs": "100000000"
                }
            }
        },
        "jsonstreamtodict1": {
            "component": "sdi_utils_operators.json_dict",
            "metadata": {
                "label": "JSON stream to dict",
                "x": 217.99999904632568,
                "y": 144.99999976158142,
                "height": 80,
                "width": 120,
                "extensible": true,
                "config": {
                    "debug_mode": true
                }
            }
        },
        "readfile2": {
            "component": "com.sap.storage.read",
            "metadata": {
                "label": "Blacklist",
                "x": 17,
                "y": 39.49999952316284,
                "height": 80,
                "width": 120,
                "config": {
                    "service": "SDL",
                    "path": "/shared/word_repositories/blacklist.txt",
                    "pollPeriodInMs": "1000000"
                }
            }
        },
        "linetoarray1": {
            "component": "sdi_utils_operators.line_array",
            "metadata": {
                "label": "Line to array",
                "x": 217.99999904632568,
                "y": 24.99999976158142,
                "height": 80,
                "width": 120,
                "extensible": true,
                "config": {
                    "lexicographical": true
                }
            }
        },
        "wiretap1": {
            "component": "com.sap.util.wiretap",
            "metadata": {
                "label": "Wiretap",
                "x": 1021.9999952316284,
                "y": 39.49999952316284,
                "height": 80,
                "width": 120,
                "ui": "dynpath",
                "config": {}
            }
        },
        "51multiplexer1": {
            "component": "com.sap.system.multiplexer.5-1",
            "metadata": {
                "label": "5:1 Multiplexer",
                "x": 836.9999961853027,
                "y": 12,
                "height": 118,
                "width": 120,
                "extensible": true,
                "config": {},
                "additionalinports": [
                    {
                        "name": "input1",
                        "type": "string"
                    }
                ]
            }
        },
        "graphterminator1": {
            "component": "com.sap.util.graphTerminator",
            "metadata": {
                "label": "Graph Terminator",
                "x": 1206.999994277954,
                "y": 99.49999952316284,
                "height": 80,
                "width": 120,
                "config": {}
            }
        },
        "wordindexing1": {
            "component": "textanalysis.word_indexing",
            "metadata": {
                "label": "Word Indexing",
                "x": 603.999997138977,
                "y": 116.49999952316284,
                "height": 80,
                "width": 120,
                "extensible": true,
                "config": {
                    "debug_mode": true
                }
            }
        },
        "betawritehanatable1": {
            "component": "com.sap.hana.writeTable",
            "metadata": {
                "label": "Write WORD_INDEX",
                "x": 836.9999961853027,
                "y": 186.99999904632568,
                "height": 80,
                "width": 120,
                "config": {
                    "configMode": "Static (from configuration)",
                    "tableName": "WORD_INDEX3",
                    "connection": {
                        "configurationType": "Configuration Manager",
                        "connectionID": "EU_HANA"
                    },
                    "statementType": "UPSERT"
                }
            }
        },
        "gate1": {
            "component": "sdi_utils_operators.gate.count_gate",
            "metadata": {
                "label": "Gate",
                "x": 1021.9999952316284,
                "y": 159.49999952316284,
                "height": 80,
                "width": 120,
                "extensible": true,
                "config": {
                    "limit": 100000,
                    "attribute": "storage.fileCount"
                }
            }
        },
        "wordextraction1": {
            "component": "textanalysis.word_extraction",
            "metadata": {
                "label": "Word Extraction",
                "x": 437,
                "y": 102,
                "height": 80,
                "width": 120,
                "extensible": true,
                "config": {}
            }
        }
    },
    "groups": [],
    "connections": [
        {
            "metadata": {
                "points": "141,208.49999952316284 168.99999952316284,208.49999952316284 168.99999952316284,184.99999976158142 212.99999904632568,184.99999976158142"
            },
            "src": {
                "port": "outFile",
                "process": "readfile1"
            },
            "tgt": {
                "port": "stream",
                "process": "jsonstreamtodict1"
            }
        },
        {
            "metadata": {
                "points": "141,88.49999952316284 168.99999952316284,88.49999952316284 168.99999952316284,64.99999976158142 212.99999904632568,64.99999976158142"
            },
            "src": {
                "port": "outFile",
                "process": "readfile2"
            },
            "tgt": {
                "port": "stream",
                "process": "linetoarray1"
            }
        },
        {
            "metadata": {
                "points": "960.9999961853027,71 988.9999957084656,71 988.9999957084656,79.49999952316284 1016.9999952316284,79.49999952316284"
            },
            "src": {
                "port": "out1",
                "process": "51multiplexer1"
            },
            "tgt": {
                "port": "in",
                "process": "wiretap1"
            }
        },
        {
            "metadata": {
                "points": "341.9999990463257,55.99999976158142 369.9999985694885,55.99999976158142 369.9999985694885,62 570.9999976158142,62 570.9999976158142,53.5 755.9999966621399,53.5 755.9999966621399,26 831.9999961853027,26"
            },
            "src": {
                "port": "log",
                "process": "linetoarray1"
            },
            "tgt": {
                "port": "in1",
                "process": "51multiplexer1"
            }
        },
        {
            "metadata": {
                "points": "341.9999990463257,175.99999976158142 369.9999985694885,175.99999976158142 369.9999985694885,79 570.9999976158142,79 570.9999976158142,70.5 771.9999966621399,70.5 771.9999966621399,44 831.9999961853027,44"
            },
            "src": {
                "port": "log",
                "process": "jsonstreamtodict1"
            },
            "tgt": {
                "port": "in2",
                "process": "51multiplexer1"
            }
        },
        {
            "metadata": {
                "points": "727.999997138977,147.49999952316284 803.9999966621399,147.49999952316284 803.9999966621399,80 831.9999961853027,80"
            },
            "src": {
                "port": "log",
                "process": "wordindexing1"
            },
            "tgt": {
                "port": "in4",
                "process": "51multiplexer1"
            }
        },
        {
            "metadata": {
                "points": "727.999997138977,165.49999952316284 771.9999966621399,165.49999952316284 771.9999966621399,226.99999904632568 831.9999961853027,226.99999904632568"
            },
            "src": {
                "port": "words",
                "process": "wordindexing1"
            },
            "tgt": {
                "port": "input",
                "process": "betawritehanatable1"
            }
        },
        {
            "metadata": {
                "points": "960.9999961853027,217.99999904632568 988.9999957084656,217.99999904632568 988.9999957084656,217.49999952316284 1016.9999952316284,217.49999952316284"
            },
            "src": {
                "port": "success",
                "process": "betawritehanatable1"
            },
            "tgt": {
                "port": "data",
                "process": "gate1"
            }
        },
        {
            "metadata": {
                "points": "141,190.49999952316284 184.99999952316284,190.49999952316284 184.99999952316284,252.99999928474426 369.9999985694885,252.99999928474426 369.9999985694885,215.99999904632568 570.9999976158142,215.99999904632568 570.9999976158142,224.49999904632568 755.9999966621399,224.49999904632568 755.9999966621399,157.99999952316284 988.9999957084656,157.99999952316284 988.9999957084656,199.49999952316284 1016.9999952316284,199.49999952316284"
            },
            "src": {
                "port": "outFilename",
                "process": "readfile1"
            },
            "tgt": {
                "port": "attributes",
                "process": "gate1"
            }
        },
        {
            "metadata": {
                "points": "1145.9999952316284,199.49999952316284 1173.9999947547913,199.49999952316284 1173.9999947547913,139.49999952316284 1201.999994277954,139.49999952316284"
            },
            "src": {
                "port": "trigger",
                "process": "gate1"
            },
            "tgt": {
                "port": "stop",
                "process": "graphterminator1"
            }
        },
        {
            "metadata": {
                "points": "341.9999990463257,73.99999976158142 387,74 387,124 432,124"
            },
            "src": {
                "port": "data",
                "process": "linetoarray1"
            },
            "tgt": {
                "port": "blacklist",
                "process": "wordextraction1"
            }
        }
    ],
    "inports": {},
    "outports": {}
}