{
    "properties": {},
    "iconsrc": "metadata_articles.svg",
    "description": "Metadata Articles",
    "processes": {
        "readfile1": {
            "component": "com.sap.storage.read",
            "metadata": {
                "label": "Onlinemedia",
                "x": 17,
                "y": 82,
                "height": 80,
                "width": 120,
                "config": {
                    "service": "SDL",
                    "path": "/shared/onlinemedia_texts",
                    "pollPeriodInMs": "100000000",
                    "pattern": ".*.json"
                }
            }
        },
        "jsonstreamtodict1": {
            "component": "sdi_utils_operators.json_dict",
            "metadata": {
                "label": "JSON stream to dict",
                "x": 217.99999904632568,
                "y": 67.50000023841858,
                "height": 80,
                "width": 120,
                "extensible": true,
                "config": {
                    "debug_mode": true,
                    "collect": false
                }
            }
        },
        "wiretap1": {
            "component": "com.sap.util.wiretap",
            "metadata": {
                "label": "Wiretap",
                "x": 1164.999994277954,
                "y": 39,
                "height": 80,
                "width": 120,
                "ui": "dynpath",
                "config": {}
            }
        },
        "51multiplexer1": {
            "component": "com.sap.system.multiplexer.5-1",
            "metadata": {
                "label": "5:1 Multiplexer",
                "x": 1005.9999952316284,
                "y": 12,
                "height": 100,
                "width": 120,
                "extensible": true,
                "config": {}
            }
        },
        "gate1": {
            "component": "sdi_utils_operators.gate.count_gate",
            "metadata": {
                "label": "Gate",
                "x": 804.9999961853027,
                "y": 104.99999976158142,
                "height": 80,
                "width": 120,
                "extensible": true,
                "config": {
                    "limit": 100000000,
                    "attribute": "storage.fileCount"
                }
            }
        },
        "graphterminator1": {
            "component": "com.sap.util.graphTerminator",
            "metadata": {
                "label": "Graph Terminator",
                "x": 1005.9999952316284,
                "y": 152,
                "height": 80,
                "width": 120,
                "config": {}
            }
        },
        "metadataarticles1": {
            "component": "textanalysis.metadata_articles",
            "metadata": {
                "label": "Metadata Articles",
                "x": 416,
                "y": 82,
                "height": 80,
                "width": 120,
                "extensible": true,
                "config": {}
            }
        },
        "betawritehanatable1": {
            "component": "com.sap.hana.writeTable",
            "metadata": {
                "label": "[BETA] Write HANA Table",
                "x": 603,
                "y": 94,
                "height": 80,
                "width": 120,
                "config": {
                    "configMode": "Static (from configuration)",
                    "tableName": "ARTICLES_METADATA",
                    "connection": {
                        "configurationType": "Configuration Manager",
                        "connectionID": "EU_HANA"
                    }
                }
            }
        }
    },
    "groups": [],
    "connections": [
        {
            "metadata": {
                "points": "141,131 168.99999952316284,131 168.99999952316284,107.50000023841858 212.99999904632568,107.50000023841858"
            },
            "src": {
                "port": "outFile",
                "process": "readfile1"
            },
            "tgt": {
                "port": "stream",
                "process": "jsonstreamtodict1"
            }
        },
        {
            "metadata": {
                "points": "341.9999990463257,98.50000023841858 369.9999985694885,98.50000023841858 369.9999985694885,53.00000047683716 554.9999976158142,53.00000047683716 554.9999976158142,50.50000023841858 771.9999966621399,50.50000023841858 771.9999966621399,59.00000023841858 956.9999957084656,59.00000023841858 956.9999957084656,26 1000.9999952316284,26"
            },
            "src": {
                "port": "log",
                "process": "jsonstreamtodict1"
            },
            "tgt": {
                "port": "in1",
                "process": "51multiplexer1"
            }
        },
        {
            "metadata": {
                "points": "1129.9999952316284,62 1145,62 1145,79 1159.999994277954,79"
            },
            "src": {
                "port": "out1",
                "process": "51multiplexer1"
            },
            "tgt": {
                "port": "in",
                "process": "wiretap1"
            }
        },
        {
            "metadata": {
                "points": "141,113 184.99999952316284,113 184.99999952316284,175.49999976158142 369.9999985694885,175.49999976158142 369.9999985694885,189.99999952316284 570.9999976158142,189.99999952316284 570.9999976158142,84.50000023841858 771.9999966621399,84.50000023841858 771.9999966621399,144.99999976158142 799.9999961853027,144.99999976158142"
            },
            "src": {
                "port": "outFilename",
                "process": "readfile1"
            },
            "tgt": {
                "port": "attributes",
                "process": "gate1"
            }
        },
        {
            "metadata": {
                "points": "928.9999961853027,144.99999976158142 956.9999957084656,144.99999976158142 956.9999957084656,192 1000.9999952316284,192"
            },
            "src": {
                "port": "trigger",
                "process": "gate1"
            },
            "tgt": {
                "port": "stop",
                "process": "graphterminator1"
            }
        },
        {
            "metadata": {
                "points": "928.9999961853027,126.99999976158142 956.9999957084656,126.99999976158142 956.9999957084656,98 1000.9999952316284,98"
            },
            "src": {
                "port": "log",
                "process": "gate1"
            },
            "tgt": {
                "port": "in5",
                "process": "51multiplexer1"
            }
        },
        {
            "metadata": {
                "points": "341.9999990463257,116.50000023841858 376.5,116.5 376.5,122 411,122"
            },
            "src": {
                "port": "data",
                "process": "jsonstreamtodict1"
            },
            "tgt": {
                "port": "articles",
                "process": "metadataarticles1"
            }
        },
        {
            "metadata": {
                "points": "540,122 569,122 569,134 598,134"
            },
            "src": {
                "port": "table",
                "process": "metadataarticles1"
            },
            "tgt": {
                "port": "input",
                "process": "betawritehanatable1"
            }
        },
        {
            "metadata": {
                "points": "727,125 763.5,125 763.5,163 799.9999961853027,162.99999976158142"
            },
            "src": {
                "port": "success",
                "process": "betawritehanatable1"
            },
            "tgt": {
                "port": "data",
                "process": "gate1"
            }
        }
    ],
    "inports": {},
    "outports": {}
}