{
    "properties": {},
    "description": "Keyword SearchDB",
    "processes": {
        "readfile2": {
            "component": "com.sap.storage.read",
            "metadata": {
                "label": "Online Media",
                "x": 17,
                "y": 96.49999976158142,
                "height": 80,
                "width": 120,
                "config": {
                    "service": "SDL",
                    "path": "/shared/onlinemedia_texts",
                    "pollPeriodInMs": "1000000"
                }
            }
        },
        "jsonstreamtodict1": {
            "component": "sdi_utils_operators.json_dict",
            "metadata": {
                "label": "JSON stream to dict",
                "x": 217.99999904632568,
                "y": 50.99999952316284,
                "height": 80,
                "width": 120,
                "extensible": true,
                "config": {
                    "collect": false,
                    "debug_mode": true
                }
            }
        },
        "51multiplexer1": {
            "component": "com.sap.system.multiplexer.5-1",
            "metadata": {
                "label": "5:1 Multiplexer",
                "x": 635.999997138977,
                "y": 40.99999952316284,
                "height": 100,
                "width": 120,
                "extensible": true,
                "config": {}
            }
        },
        "wiretap1": {
            "component": "com.sap.util.wiretap",
            "metadata": {
                "label": "Wiretap",
                "x": 836.9999961853027,
                "y": 36.49999976158142,
                "height": 80,
                "width": 120,
                "ui": "dynpath",
                "config": {}
            }
        },
        "saphanaclient1": {
            "component": "com.sap.hana.client2",
            "metadata": {
                "label": "SAP HANA Client",
                "x": 635.999997138977,
                "y": 180.99999952316284,
                "height": 80,
                "width": 120,
                "config": {
                    "connection": {
                        "configurationType": "Configuration Manager",
                        "connectionID": "EU_HANA"
                    },
                    "tableName": "keyword_index",
                    "tableColumns": [
                        {
                            "name": "hash_text",
                            "type": "BIGINT"
                        },
                        {
                            "name": "keyword",
                            "type": "NVARCHAR",
                            "size": 200
                        },
                        {
                            "name": "count",
                            "type": "INTEGER"
                        }
                    ],
                    "inputFormat": "JSON",
                    "initTable": "None",
                    "connectionTimeoutInMs": 10003,
                    "insertMode": "INSERT"
                }
            }
        },
        "graphterminator1": {
            "component": "com.sap.util.graphTerminator",
            "metadata": {
                "label": "Graph Terminator",
                "x": 1021.9999952316284,
                "y": 96.49999976158142,
                "height": 80,
                "width": 120,
                "config": {}
            }
        },
        "betarunhanasql1": {
            "component": "com.sap.hana.runSQL",
            "metadata": {
                "label": "[BETA] Run HANA SQL",
                "x": 217.99999904632568,
                "y": 170.99999952316284,
                "height": 80,
                "width": 120,
                "config": {
                    "connection": {
                        "configurationType": "Configuration Manager",
                        "connectionID": "EU_HANA"
                    },
                    "configMode": "Static (from configuration)",
                    "sql": "SELECT KEYWORD, LANGUAGE FROM DIPROJECTS.KEYWORDS",
                    "transactionLevel": "Per statement"
                }
            }
        },
        "searchkeywords1": {
            "component": "textanalysis.keyword_search",
            "metadata": {
                "label": "Search Keywords",
                "x": 418.99999809265137,
                "y": 119.49999952316284,
                "height": 80,
                "width": 120,
                "extensible": true,
                "config": {
                    "debug_mode": true
                }
            }
        },
        "gate2": {
            "component": "sdi_utils_operators.gate.count_gate",
            "metadata": {
                "label": "Gate",
                "x": 836.9999961853027,
                "y": 156.49999976158142,
                "height": 80,
                "width": 120,
                "extensible": true,
                "config": {
                    "attribute": "storage.fileCount",
                    "limit": 10000000
                }
            }
        }
    },
    "groups": [],
    "connections": [
        {
            "metadata": {
                "points": "141,145.49999976158142 184.99999952316284,145.49999976158142 184.99999952316284,90.99999952316284 212.99999904632568,90.99999952316284"
            },
            "src": {
                "port": "outFile",
                "process": "readfile2"
            },
            "tgt": {
                "port": "stream",
                "process": "jsonstreamtodict1"
            }
        },
        {
            "metadata": {
                "points": "759.999997138977,90.99999952316284 787.9999966621399,90.99999952316284 787.9999966621399,76.49999976158142 831.9999961853027,76.49999976158142"
            },
            "src": {
                "port": "out1",
                "process": "51multiplexer1"
            },
            "tgt": {
                "port": "in",
                "process": "wiretap1"
            }
        },
        {
            "metadata": {
                "points": "341.9999990463257,81.99999952316284 369.9999985694885,81.99999952316284 369.9999985694885,90.5 586.9999976158142,90.5 586.9999976158142,72.99999952316284 630.999997138977,72.99999952316284"
            },
            "src": {
                "port": "log",
                "process": "jsonstreamtodict1"
            },
            "tgt": {
                "port": "in2",
                "process": "51multiplexer1"
            }
        },
        {
            "metadata": {
                "points": "341.9999990463257,201.99999952316284 369.9999985694885,201.99999952316284 369.9999985694885,150.49999952316284 413.99999809265137,150.49999952316284"
            },
            "src": {
                "port": "success",
                "process": "betarunhanasql1"
            },
            "tgt": {
                "port": "keywords",
                "process": "searchkeywords1"
            }
        },
        {
            "metadata": {
                "points": "341.9999990463257,99.99999952316284 385.9999985694885,99.99999952316284 385.9999985694885,168.49999952316284 413.99999809265137,168.49999952316284"
            },
            "src": {
                "port": "data",
                "process": "jsonstreamtodict1"
            },
            "tgt": {
                "port": "articles",
                "process": "searchkeywords1"
            }
        },
        {
            "metadata": {
                "points": "542.9999980926514,150.49999952316284 602.9999976158142,150.49999952316284 602.9999976158142,90.99999952316284 630.999997138977,90.99999952316284"
            },
            "src": {
                "port": "log",
                "process": "searchkeywords1"
            },
            "tgt": {
                "port": "in3",
                "process": "51multiplexer1"
            }
        },
        {
            "metadata": {
                "points": "759.999997138977,220.99999952316284 787.9999966621399,220.99999952316284 787.9999966621399,214.49999976158142 831.9999961853027,214.49999976158142"
            },
            "src": {
                "port": "result",
                "process": "saphanaclient1"
            },
            "tgt": {
                "port": "data",
                "process": "gate2"
            }
        },
        {
            "metadata": {
                "points": "960.9999961853027,196.49999976158142 988.9999957084656,196.49999976158142 988.9999957084656,136.49999976158142 1016.9999952316284,136.49999976158142"
            },
            "src": {
                "port": "trigger",
                "process": "gate2"
            },
            "tgt": {
                "port": "stop",
                "process": "graphterminator1"
            }
        },
        {
            "metadata": {
                "points": "141,127.49999976158142 168.99999952316284,127.49999976158142 168.99999952316284,22 369.9999985694885,22 369.9999985694885,73.5 570.9999976158142,73.5 570.9999976158142,12 803.9999966621399,12 803.9999966621399,196.49999976158142 831.9999961853027,196.49999976158142"
            },
            "src": {
                "port": "outFilename",
                "process": "readfile2"
            },
            "tgt": {
                "port": "attributes",
                "process": "gate2"
            }
        },
        {
            "metadata": {
                "points": "542.9999980926514,168.49999952316284 570.9999976158142,168.49999952316284 570.9999976158142,229.99999952316284 630.999997138977,229.99999952316284"
            },
            "src": {
                "port": "data",
                "process": "searchkeywords1"
            },
            "tgt": {
                "port": "data",
                "process": "saphanaclient1"
            }
        }
    ],
    "inports": {},
    "outports": {}
}