{
    "description": "Get Frequent Words",
    "processes": {
        "readfile1": {
            "component": "com.sap.storage.read",
            "metadata": {
                "label": "Onlinemedia",
                "x": 17,
                "y": 12,
                "height": 80,
                "width": 120,
                "config": {
                    "service": "SDL",
                    "path": "/shared/onlinemedia_texts",
                    "pollPeriodInMs": "100000000"
                }
            }
        },
        "jsonstreamtodict1": {
            "component": "sdi_utils_operators.json_dict",
            "metadata": {
                "label": "JSON stream to dict",
                "x": 201.99999904632568,
                "y": 12,
                "height": 80,
                "width": 120,
                "extensible": true,
                "config": {}
            }
        },
        "readfile2": {
            "component": "com.sap.storage.read",
            "metadata": {
                "label": "Delete Words",
                "x": 17,
                "y": 132,
                "height": 80,
                "width": 120,
                "config": {
                    "service": "SDL",
                    "path": "/shared/word_repositories/disregards.txt",
                    "pollPeriodInMs": "1000000"
                }
            }
        },
        "linetoarray1": {
            "component": "sdi_utils_operators.line_array",
            "metadata": {
                "label": "Line to array",
                "x": 201.99999904632568,
                "y": 132,
                "height": 80,
                "width": 120,
                "extensible": true,
                "config": {
                    "lexicographical": true
                }
            }
        },
        "wiretap1": {
            "component": "com.sap.util.wiretap",
            "metadata": {
                "label": "Wiretap",
                "x": 973.9999961853027,
                "y": 72,
                "height": 80,
                "width": 120,
                "ui": "dynpath",
                "config": {}
            }
        },
        "textcondensationgerman1": {
            "component": "textanalysis.text_condensation_g",
            "metadata": {
                "label": "Text Condensation (German)",
                "x": 402.99999809265137,
                "y": 94.99999976158142,
                "height": 80,
                "width": 120,
                "extensible": true,
                "config": {}
            }
        },
        "wordfrequency1": {
            "component": "textanalysis.word_frequency",
            "metadata": {
                "label": "Word Frequency",
                "x": 587.999997138977,
                "y": 103.49999976158142,
                "height": 80,
                "width": 120,
                "extensible": true,
                "config": {},
                "additionalinports": [
                    {
                        "name": "input1",
                        "type": "message.dict"
                    }
                ]
            }
        },
        "51multiplexer1": {
            "component": "com.sap.system.multiplexer.5-1",
            "metadata": {
                "label": "5:1 Multiplexer",
                "x": 804.9999961853027,
                "y": 62,
                "height": 100,
                "width": 120,
                "extensible": true,
                "config": {}
            }
        }
    },
    "groups": [],
    "connections": [
        {
            "metadata": {
                "points": "141,61 168.99999952316284,61 168.99999952316284,52 196.99999904632568,52"
            },
            "src": {
                "port": "outFile",
                "process": "readfile1"
            },
            "tgt": {
                "port": "stream",
                "process": "jsonstreamtodict1"
            }
        },
        {
            "metadata": {
                "points": "141,181 168.99999952316284,181 168.99999952316284,172 196.99999904632568,172"
            },
            "src": {
                "port": "outFile",
                "process": "readfile2"
            },
            "tgt": {
                "port": "stream",
                "process": "linetoarray1"
            }
        },
        {
            "metadata": {
                "points": "325.9999990463257,181 369.9999985694885,181 369.9999985694885,143.99999976158142 397.99999809265137,143.99999976158142"
            },
            "src": {
                "port": "data",
                "process": "linetoarray1"
            },
            "tgt": {
                "port": "disregards",
                "process": "textcondensationgerman1"
            }
        },
        {
            "metadata": {
                "points": "325.9999990463257,61 369.9999985694885,61 369.9999985694885,125.99999976158142 397.99999809265137,125.99999976158142"
            },
            "src": {
                "port": "data",
                "process": "jsonstreamtodict1"
            },
            "tgt": {
                "port": "articles",
                "process": "textcondensationgerman1"
            }
        },
        {
            "metadata": {
                "points": "526.9999980926514,152.99999976158142 554.9999976158142,152.99999976158142 554.9999976158142,152.49999976158142 582.999997138977,152.49999976158142"
            },
            "src": {
                "port": "data",
                "process": "textcondensationgerman1"
            },
            "tgt": {
                "port": "input1",
                "process": "wordfrequency1"
            }
        },
        {
            "metadata": {
                "points": "325.9999990463257,43 353.9999985694885,43 353.9999985694885,49.00000023841858 554.9999976158142,49.00000023841858 554.9999976158142,40.50000023841858 771.9999966621399,40.50000023841858 771.9999966621399,76 799.9999961853027,76"
            },
            "src": {
                "port": "log",
                "process": "jsonstreamtodict1"
            },
            "tgt": {
                "port": "in1",
                "process": "51multiplexer1"
            }
        },
        {
            "metadata": {
                "points": "325.9999990463257,163 353.9999985694885,163 353.9999985694885,66.00000023841858 554.9999976158142,66.00000023841858 554.9999976158142,57.50000023841858 755.9999966621399,57.50000023841858 755.9999966621399,94 799.9999961853027,94"
            },
            "src": {
                "port": "log",
                "process": "linetoarray1"
            },
            "tgt": {
                "port": "in2",
                "process": "51multiplexer1"
            }
        },
        {
            "metadata": {
                "points": "526.9999980926514,116.99999976158142 554.9999976158142,116.99999976158142 554.9999976158142,74.50000023841858 739.9999966621399,74.50000023841858 739.9999966621399,112 799.9999961853027,112"
            },
            "src": {
                "port": "log",
                "process": "textcondensationgerman1"
            },
            "tgt": {
                "port": "in3",
                "process": "51multiplexer1"
            }
        },
        {
            "metadata": {
                "points": "711.999997138977,134.49999976158142 739.9999966621399,134.49999976158142 739.9999966621399,130 799.9999961853027,130"
            },
            "src": {
                "port": "log",
                "process": "wordfrequency1"
            },
            "tgt": {
                "port": "in4",
                "process": "51multiplexer1"
            }
        },
        {
            "metadata": {
                "points": "928.9999961853027,112 968.9999961853027,112"
            },
            "src": {
                "port": "out1",
                "process": "51multiplexer1"
            },
            "tgt": {
                "port": "in",
                "process": "wiretap1"
            }
        }
    ],
    "inports": {},
    "outports": {},
    "properties": {}
}